doc400;784561B7F8CF;01FEOZBLZAGHPJFH;obloliving-doc400;1.0.0
doc400;784561B7E2E5;01ONACCTEUIGXYJA;obloliving-doc400;1.0.0
doc400;784561B7F2F7;01LKVKXLWAUPSXLM;obloliving-doc400;1.0.0
doc400;784561B7D90B;01ZOQSENZPCXOZRC;obloliving-doc400;1.0.0
doc400;784561B7C80D;01XMWKJKRJDLDUBP;obloliving-doc400;1.0.0
doc400;784561B7DD59;01DIDFRMDZZJBKLZ;obloliving-doc400;1.0.0
doc400;784561B7E59F;01RSYLWOVINXQHYE;obloliving-doc400;1.0.0
doc400;784561B7F935;01BDDYPPESIRMGFN;obloliving-doc400;1.0.0
doc400;784561B7F937;01GZMQCFEBQSXORG;obloliving-doc400;1.0.0
doc400;784561B7CF53;01UBZAQDYNZOELMH;obloliving-doc400;1.0.0
doc400;784561B7F933;01YJRJHMFUPOMCAK;obloliving-doc400;1.0.0
doc400;784561B7F1C3;01HHPAYKSDIFQMLK;obloliving-doc400;1.0.0
doc400;784561B7DA87;01UAFVJBUCESXSFZ;obloliving-doc400;1.0.0
doc400;784561B7F68B;01MMKUVVRMLYZOSG;obloliving-doc400;1.0.0
doc400;784561B7E7F9;01HOLCIXRFOLSIYI;obloliving-doc400;1.0.0
doc400;784561B7DB19;01NLXXEMMMBXDOCO;obloliving-doc400;1.0.0
doc400;784561B7D8A9;01PWKGKLZBMCOILH;obloliving-doc400;1.0.0
doc400;784561B7F221;01OJKXUHTDOOICRA;obloliving-doc400;1.0.0
doc400;784561B7D8A5;01PYRPCXSKDBWMID;obloliving-doc400;1.0.0
doc400;784561B7D8A7;01JBDALUQTEUSJJA;obloliving-doc400;1.0.0
doc400;784561B7D887;01WQXIBADOKCRVSY;obloliving-doc400;1.0.0
doc400;784561B7D8A1;01XKNKSNWSRVQHTW;obloliving-doc400;1.0.0
doc400;784561B7F72D;01EWSQGYZVJUZJYK;obloliving-doc400;1.0.0
doc400;784561B7D8A3;01VIGLUTKAZOEDAU;obloliving-doc400;1.0.0
doc400;784561B7F72F;01EJOSBATDOVQKZV;obloliving-doc400;1.0.0
doc400;784561B7DD3B;01CYJNAEDRTKDJNQ;obloliving-doc400;1.0.0
doc400;784561B7E745;01ZPTCAPQUJGNFSH;obloliving-doc400;1.0.0
doc400;784561B7E397;01CSQXQGNVQENYTY;obloliving-doc400;1.0.0
doc400;784561B7E741;01TCLYYVWYOGXTUB;obloliving-doc400;1.0.0
doc400;784561B7EFFB;01AUYUCGGZHUMBPA;obloliving-doc400;1.0.0
doc400;784561B7F86B;01YGSVUXLZZZAOIC;obloliving-doc400;1.0.0
doc400;784561B7EEE1;01OHTOUBUIGZGTWW;obloliving-doc400;1.0.0
doc400;784561B7E74F;01GQUCSJKBRSQYFR;obloliving-doc400;1.0.0
doc400;784561B7DD31;01BHIGCUSGCXSJBH;obloliving-doc400;1.0.0
doc400;784561B7DD37;01PSXHHFDWFDBLZA;obloliving-doc400;1.0.0
doc400;784561B7DD35;01TWRUNDMPPNLYRN;obloliving-doc400;1.0.0
doc400;784561B7CEC3;01HCOABJJNETVIJO;obloliving-doc400;1.0.0
doc400;784561B7DD39;01OGEKSALHBSJZRK;obloliving-doc400;1.0.0
doc400;784561B7DCCD;01ZIFMBNYIDYGKYM;obloliving-doc400;1.0.0
doc400;784561B7DCCF;01MQWYPJMOHJJDAR;obloliving-doc400;1.0.0
doc400;784561B7F729;01ZFLPHCMGJKUGMF;obloliving-doc400;1.0.0
doc400;784561B7E447;01ZYORILLQCFKAAL;obloliving-doc400;1.0.0
doc400;784561B7C7F5;01HNSINUFKGCVEPG;obloliving-doc400;1.0.0
doc400;784561B7D279;01KVGTHAEPMNRIRE;obloliving-doc400;1.0.0
doc400;784561B7CACB;01LRKWXOTZZJCKHC;obloliving-doc400;1.0.0
doc400;784561B7C7F1;01OXZPNJSSXDHZBK;obloliving-doc400;1.0.0
doc400;784561B7F721;01JELPMKGHQJUBYE;obloliving-doc400;1.0.0
doc400;784561B7D8AD;01NLDXBQOITWMEWX;obloliving-doc400;1.0.0
doc400;784561B7F723;01QGSNNLIEDCZSEF;obloliving-doc400;1.0.0
doc400;784561B7D8AF;01SUGRIZLDIEWNNM;obloliving-doc400;1.0.0
doc400;784561B7F725;01BUDOKORSJCRYHI;obloliving-doc400;1.0.0
doc400;784561B7DB1F;01TAFUSJHLYVPRYQ;obloliving-doc400;1.0.0
doc400;784561B7F727;01FLEHLXGUXOJFIY;obloliving-doc400;1.0.0
doc400;784561B7EB71;01UVSZQFVGHDVFMJ;obloliving-doc400;1.0.0
doc400;784561B7F93F;01PMWSWERQOQQIJO;obloliving-doc400;1.0.0
doc400;784561B7F093;01RKAJMFZUXUWWQD;obloliving-doc400;1.0.0
doc400;784561B7D371;01HQHRSKWMJFBWAO;obloliving-doc400;1.0.0
doc400;784561B7F091;01SITFZYCXPNQBJN;obloliving-doc400;1.0.0
doc400;784561B7D909;01PBVVJLCARWABKQ;obloliving-doc400;1.0.0
doc400;784561B7CB53;01WZMYNNBPKKPALH;obloliving-doc400;1.0.0
doc400;784561B7D903;01YZLFLTACNHNCMC;obloliving-doc400;1.0.0
doc400;784561B7D901;01KJLGEEUPODKAHG;obloliving-doc400;1.0.0
doc400;784561B7F397;01URYVNJSKDBSJFV;obloliving-doc400;1.0.0
doc400;784561B7C935;01WJYWUYIFNLUUGJ;obloliving-doc400;1.0.0
doc400;784561B7D905;01FNQHKVTXLNVTYM;obloliving-doc400;1.0.0
doc400;784561B7F931;01IFMCSHIVJBHWGA;obloliving-doc400;1.0.0
doc400;784561A72F13;01POWLHPBSXUXYOA;obloliving-doc400;1.0.0
doc400;784561B7F867;01UHTFYQVJMHHSLH;obloliving-doc400;1.0.0
doc400;784561B7F215;01QQXGAYSYRAMPTJ;obloliving-doc400;1.0.0
doc400;784561B7CC29;01VWCQDXCKWUYIGX;obloliving-doc400;1.0.0
doc400;784561B7E55B;01AYSDQAMZSFDJIG;obloliving-doc400;1.0.0
doc400;784561B7CC7D;01ZDWRWJHHUFZXIC;obloliving-doc400;1.0.0
doc400;784561B7E239;01OQGNBIFXGUUAQD;obloliving-doc400;1.0.0
doc400;784561B7D3E7;01YVAWGMXHSTTXDA;obloliving-doc400;1.0.0
doc400;784561B7CC5F;01LUUFOLHEGTWOEM;obloliving-doc400;1.0.0
doc400;784561B7CB7F;01KGLTOYSRXPOGOQ;obloliving-doc400;1.0.0
doc400;784561B7E237;01HDEWJKTLJJYJOO;obloliving-doc400;1.0.0
doc400;784561B7D885;01AEYGYNEHODGEPL;obloliving-doc400;1.0.0
doc400;784561B7F615;01DILQVRQUECYCOC;obloliving-doc400;1.0.0
doc400;784561B7EA6D;01BXBJOGCPHFSZTD;obloliving-doc400;1.0.0
doc400;784561B7F611;01LJYIXSLHRZDDXJ;obloliving-doc400;1.0.0
doc400;784561B7F759;01VKZSGWOBCSFPNL;obloliving-doc400;1.0.0
doc400;784561B7F613;01LJTMPNFVXRHVGC;obloliving-doc400;1.0.0
doc400;784561B7F755;01LJSHKVKIQCKJEH;obloliving-doc400;1.0.0
doc400;784561B7E3BB;01YJXICPKYFFASJS;obloliving-doc400;1.0.0
doc400;784561B7F8B9;01ETBXUSMVFVMZNJ;obloliving-doc400;1.0.0
doc400;784561B7F751;01RTHVYGPCZZIILR;obloliving-doc400;1.0.0
doc400;784561B7E3BF;01FOFMYUHAINMKWC;obloliving-doc400;1.0.0
doc400;784561B7DCFD;01WEKFRNZMSNMYAZ;obloliving-doc400;1.0.0
doc400;784561B7D287;01AOOAHFSQQQBLOV;obloliving-doc400;1.0.0
doc400;784561B7D289;01TRRLXIDXYSQEHB;obloliving-doc400;1.0.0
doc400;784561A73A75;01HJYDJETVZAGWWF;obloliving-doc400;1.0.0
doc400;784561B7DCFB;01ZBDCQIFGXKLVTA;obloliving-doc400;1.0.0
doc400;784561B7D28B;01XDFGREWANSIXKW;obloliving-doc400;1.0.0
doc400;784561B7E5CD;01GUIMOIENZPYGAH;obloliving-doc400;1.0.0
doc400;784561B7F02B;01BBMDKYDKXHAZAO;obloliving-doc400;1.0.0
doc400;784561B7EF15;01SBUQHTNMELWRUH;obloliving-doc400;1.0.0
doc400;784561B7DC73;01ZUQHYSGMBWHRJX;obloliving-doc400;1.0.0
doc400;784561B7F8BB;01CWWXLDPBMKGQHT;obloliving-doc400;1.0.0
doc400;784561B7D083;01ATRTNOXABGZPXH;obloliving-doc400;1.0.0
doc400;784561A73431;01KVMNOQRVECZGFI;obloliving-doc400;1.0.0
doc400;784561B7D081;01ZZSLNHPPNUSJEH;obloliving-doc400;1.0.0
doc400;784561B7DC67;01CMAIYDPTUVHBME;obloliving-doc400;1.0.0
doc400;784561B7CD79;01SIPFPLTYXIMELJ;obloliving-doc400;1.0.0
doc400;784561B7F75D;01TSBSBMRHRYTGYI;obloliving-doc400;1.0.0
doc400;784561B7F75F;01QDIBZOADLMXHRM;obloliving-doc400;1.0.0
doc400;784561B7E3B3;01YDDKQEFNRMAMGW;obloliving-doc400;1.0.0
doc400;784561B7F75B;01LXTHQMCVYYPDBJ;obloliving-doc400;1.0.0
doc400;784561B7E3B7;01EPVUXWWGECQROQ;obloliving-doc400;1.0.0
doc400;784561B7D895;01IOVQHRHUBGNUUR;obloliving-doc400;1.0.0
doc400;784561B7F9A1;01GMFAFEXDANEEDQ;obloliving-doc400;1.0.0
doc400;784561B7CC71;01ELKSEJAZNHMUTV;obloliving-doc400;1.0.0
doc400;784561B7F4EB;01GVJCZSDTNRONWF;obloliving-doc400;1.0.0
doc400;784561B7D88B;01PFWDUHDAITNCSA;obloliving-doc400;1.0.0
doc400;784561B7D88F;01WCOZGMLVRBVPYU;obloliving-doc400;1.0.0
doc400;784561B7E227;01VLROMDPIOGSYCT;obloliving-doc400;1.0.0
doc400;784561B7D88D;01QOROWFNEXLNLAV;obloliving-doc400;1.0.0
doc400;784561B7EBD7;01PJROSVEOSSAEBL;obloliving-doc400;1.0.0
doc400;784561B7E4ED;01ZUZTDZPDAENMXT;obloliving-doc400;1.0.0
doc400;784561B7F8C9;01GJALGWKTSOVACE;obloliving-doc400;1.0.0
doc400;784561B7EBD9;01RVHYCSHONTYNBK;obloliving-doc400;1.0.0
doc400;784561B7DC5D;01HZDYFDIKVTOCSA;obloliving-doc400;1.0.0
doc400;784561B7D591;01ESLARBWNUUVQMH;obloliving-doc400;1.0.0
doc400;784561B7D593;01ABXPGKAUGWMBYV;obloliving-doc400;1.0.0
doc400;784561B7D8BD;01LGQHXSGWQZCYMR;obloliving-doc400;1.0.0
doc400;784561B7CDDB;01RLPOJXTQRAJVXZ;obloliving-doc400;1.0.0
doc400;784561B7D8BF;01EVEURRCUVHEKFM;obloliving-doc400;1.0.0
doc400;784561B7E657;01ARPWRCAWFORKQN;obloliving-doc400;1.0.0
doc400;784561B7F875;01XQZFGGSBGGQQOI;obloliving-doc400;1.0.0
doc400;784561B7CF5D;01OXTKINPMBMQLMB;obloliving-doc400;1.0.0
doc400;784561B7D8BB;01PWHOTOGDFNIXXY;obloliving-doc400;1.0.0
doc400;784561B7F5A1;01NJKULUZURLYICH;obloliving-doc400;1.0.0
doc400;784561B7EA8D;01WLJYHCQYNTBVWS;obloliving-doc400;1.0.0
doc400;784561B7E71D;01ZJPBBVAILLMQJD;obloliving-doc400;1.0.0
doc400;784561B7E71F;01QRVVWRTPGPDNQX;obloliving-doc400;1.0.0
doc400;784561B7D29D;01OHWOJHEJPWCDAV;obloliving-doc400;1.0.0
doc400;784561B7DCF9;01TCTOVVFQOFKZBX;obloliving-doc400;1.0.0
doc400;784561B7DC8F;01IDIDUNETCXSDZT;obloliving-doc400;1.0.0
doc400;784561B7F287;01CJQCXCKPJYTOFU;obloliving-doc400;1.0.0
doc400;784561B7DD49;01NPGVUPLNKNXGJU;obloliving-doc400;1.0.0
doc400;784561B7CAC9;01SHFPIYHNLDFUIZ;obloliving-doc400;1.0.0
doc400;784561B7D8D5;01DUXEPEPANULRHS;obloliving-doc400;1.0.0
doc400;784561B7D7BD;01XKGJHTWMZKEPBN;obloliving-doc400;1.0.0
doc400;784561B7D7BB;01HRPAEQNHRENGHP;obloliving-doc400;1.0.0
doc400;784561B7F289;01STBLDLZDZSZOXP;obloliving-doc400;1.0.0
doc400;784561B7C803;01KNCOXQUDXFZRCS;obloliving-doc400;1.0.0
doc400;784561B7D8E3;01LDGZZTVSGPXDPW;obloliving-doc400;1.0.0
doc400;784561B7EAAB;01GPLHWXCYEWSVAU;obloliving-doc400;1.0.0
doc400;784561B7D8E7;01HXOTWFQGVDVEFV;obloliving-doc400;1.0.0
doc400;784561B7DC53;01PUOVWOVAGQUVAD;obloliving-doc400;1.0.0
doc400;784561B7D8E9;01NIETBBIGCHCKWY;obloliving-doc400;1.0.0
doc400;784561B7D899;01VEZRTECMNNMIGM;obloliving-doc400;1.0.0
doc400;784561B7E39B;01GZDNJQTICCOJCF;obloliving-doc400;1.0.0
doc400;784561B7E39D;01VYDKULRIOKVXRA;obloliving-doc400;1.0.0
doc400;784561B7E39F;01MGOWZGEAJFFNIF;obloliving-doc400;1.0.0
doc400;784561B7F7F1;01DYGUXCTSVKYVFQ;obloliving-doc400;1.0.0
doc400;784561B7DC51;01BKGGMXDUJOEFIU;obloliving-doc400;1.0.0
doc400;784561B7DCDD;01KSLCBIYIYRAZFD;obloliving-doc400;1.0.0
doc400;784561B7E40B;01OLAUQFLVZGHKHC;obloliving-doc400;1.0.0
doc400;784561B7DB47;01WMGUGIQSGJTJOG;obloliving-doc400;1.0.0
doc400;784561B7DD3F;01CTOIPXSWOGRBCU;obloliving-doc400;1.0.0
doc400;784561B7E82D;01DLVACBTVVSPPUS;obloliving-doc400;1.0.0
doc400;784561B7C811;01LHOUWPNTJVAHON;obloliving-doc400;1.0.0
doc400;784561B7E401;01WRYIQWZFNANLSI;obloliving-doc400;1.0.0
doc400;784561B7D62F;01KYOSPPUDZJTFCU;obloliving-doc400;1.0.0
doc400;784561B7D443;01ZIDGKBYUIEUWGK;obloliving-doc400;1.0.0
doc400;784561B7E407;01JNLEUEFVQXLPEI;obloliving-doc400;1.0.0
doc400;784561B7DD47;01AMWGUMTSHQISKX;obloliving-doc400;1.0.0
doc400;784561B7F44D;01PTSLBZCHQUIBEA;obloliving-doc400;1.0.0
doc400;784561B7E52F;01OLJQLUHUEMJSAN;obloliving-doc400;1.0.0
doc400;784561B7EAA5;01KWWSVNHGCPPDNP;obloliving-doc400;1.0.0
doc400;784561B7D8EB;01CQVYRTCYELNZMF;obloliving-doc400;1.0.0
doc400;784561B7E017;01SVDACKDBKEUEXE;obloliving-doc400;1.0.0
doc400;784561B7D8EF;01UFYEKGLCSFCFBC;obloliving-doc400;1.0.0
doc400;784561B7D331;01CLXSZLCYNSBOVB;obloliving-doc400;1.0.0
doc400;784561B7DCDB;01YYCHCBTAROMVCF;obloliving-doc400;1.0.0
doc400;784561B7CC19;01EYEMWPUUNYJTDO;obloliving-doc400;1.0.0
doc400;784561B7CF03;01GJDZYHEVHQJUAQ;obloliving-doc400;1.0.0
doc400;784561B7C815;01ZGUUGWJEYPRRKK;obloliving-doc400;1.0.0
doc400;784561B7F28F;01YWDIEQENEAOCSY;obloliving-doc400;1.0.0
doc400;784561B7F28B;01KOHXCGGXVJXIZP;obloliving-doc400;1.0.0
doc400;784561B7ED35;01YUWIWBAHWFVKWJ;obloliving-doc400;1.0.0
doc400;784561B7D7B9;01MFDBHBPBZIIKRI;obloliving-doc400;1.0.0
doc400;784561B7D7B7;01NRJNJIMMYFXCZH;obloliving-doc400;1.0.0
doc400;784561B7F32D;01DQVIXCVKBOECDP;obloliving-doc400;1.0.0
doc400;784561B7D7B5;01NIUMJQMRAIKRDY;obloliving-doc400;1.0.0
doc400;784561B7C817;01MASISZGMSLOZWM;obloliving-doc400;1.0.0
doc400;784561B7D7B3;01ZHBCMKAUTBSYJS;obloliving-doc400;1.0.0
doc400;784561B7DCFF;01BNSPNGHNABXBQF;obloliving-doc400;1.0.0
doc400;784561B7D8B7;01PJOEQIMWQNKUGF;obloliving-doc400;1.0.0
doc400;784561B7D8B1;01ONMEZFJUUSWZCF;obloliving-doc400;1.0.0
doc400;784561B7F87F;01CIZDDNELBSVMLN;obloliving-doc400;1.0.0
doc400;784561B7DEF9;01OHHBECSPKCRCOH;obloliving-doc400;1.0.0
doc400;784561B7D529;01RSMQLQLCQKQTOH;obloliving-doc400;1.0.0
doc400;784561B7DC83;01VDDEKYUYWURJRO;obloliving-doc400;1.0.0
doc400;784561B7DC85;01JVHUFLQNTGLNBD;obloliving-doc400;1.0.0
doc400;784561B7E7C9;01GUZTISQNKDBHCT;obloliving-doc400;1.0.0
doc400;784561B7DBD7;01GHCGZLRGSZSTSA;obloliving-doc400;1.0.0
doc400;784561B7DBD1;01PXUMDWEPKDVCBT;obloliving-doc400;1.0.0
doc400;784561B7E5E7;01DCOJDIFMEWNZAK;obloliving-doc400;1.0.0
doc400;784561B7DD43;01WAWHYFPXKFIVPY;obloliving-doc400;1.0.0
doc400;784561B7E5E5;01OIGZBVRNGHSLBC;obloliving-doc400;1.0.0
doc400;784561B7DD41;01PITQTLGWRAXUDJ;obloliving-doc400;1.0.0
doc400;784561B7F20D;01ZYEDAWXIGYTWTH;obloliving-doc400;1.0.0
doc400;784561B7DBD9;01LIBNKPQLBFMYGO;obloliving-doc400;1.0.0
doc400;784561B7E5E1;01PVCNDHMYPKQIAT;obloliving-doc400;1.0.0
doc400;784561B7CAE9;01EPZCJUIGDMFBWB;obloliving-doc400;1.0.0
doc400;784561B7CB3B;01GXFPNSBLEVIRMP;obloliving-doc400;1.0.0
doc400;784561B7F8F5;01ASSAWYQSMFDFGJ;obloliving-doc400;1.0.0
doc400;784561B7CB3D;01JJDZKMVGGQRFJT;obloliving-doc400;1.0.0
doc400;784561B7CB3F;01IYXHZPNHRZZUJH;obloliving-doc400;1.0.0
doc400;784561B7DC5F;01CSNYVSUZMIZVTS;obloliving-doc400;1.0.0
doc400;784561B7D527;01GBVHXXQMMMHKSQ;obloliving-doc400;1.0.0
doc400;784561B7EB6F;01RBNSBROOMGZLJQ;obloliving-doc400;1.0.0
doc400;784561B7D523;01WQTHZHIIRULGYD;obloliving-doc400;1.0.0
doc400;784561B7D41F;01VJVPRBGPSTXILP;obloliving-doc400;1.0.0
doc400;784561B7F711;01XALNKCMGDNDZFU;obloliving-doc400;1.0.0
doc400;784561B7EB27;01OUPAQUZLEAMOBP;obloliving-doc400;1.0.0
doc400;784561B7F713;01BRAUGWEEGCIHXZ;obloliving-doc400;1.0.0
doc400;784561B7EE49;01FTMMZQIETYNUYN;obloliving-doc400;1.0.0
doc400;784561B7F717;01VOCYRWCJVPIMLP;obloliving-doc400;1.0.0
doc400;784561B7F719;01NNHKYWSTBCQIBN;obloliving-doc400;1.0.0
doc400;784561B7CCA3;01UMWMETZLDMNWWA;obloliving-doc400;1.0.0
doc400;784561B7DBC3;01YYBMNMLENFPJAY;obloliving-doc400;1.0.0
doc400;784561B7EDFB;01WXPEGIGULDTMQQ;obloliving-doc400;1.0.0
doc400;784561B7C8A5;01XKKFNFWLZJTUXU;obloliving-doc400;1.0.0
doc400;784561B7DBC7;01TYQNTAUKOQHQBZ;obloliving-doc400;1.0.0
doc400;784561B7DBC9;01UEITAMJWQLBBDU;obloliving-doc400;1.0.0
doc400;784561B7DF1F;01JEIQLQZBHFGPRW;obloliving-doc400;1.0.0
doc400;784561B7CCA9;01TFDIMVFPZMUEBF;obloliving-doc400;1.0.0
doc400;784561B7DDAB;01BHCMNCOBVNUEMA;obloliving-doc400;1.0.0
doc400;784561B7DCCB;01MLIUFGYCVTWAAS;obloliving-doc400;1.0.0
doc400;784561B7DDA9;01FMHBHPGVPHFOEG;obloliving-doc400;1.0.0
doc400;784561B7F2E5;01IOWPUJVMORVVSQ;obloliving-doc400;1.0.0
doc400;784561B7F681;01ZWQOCDGGKKZRPN;obloliving-doc400;1.0.0
doc400;784561B7DBCB;01YUMCCKVLJZHFVP;obloliving-doc400;1.0.0
doc400;784561B7DCF3;01LCCKJTVUVKLDMI;obloliving-doc400;1.0.0
doc400;784561B7DBCF;01NCSLIAKKEAZSSJ;obloliving-doc400;1.0.0
doc400;784561B7DDA3;01TUMIEVTLAYNGTU;obloliving-doc400;1.0.0
doc400;784561B7D5D5;01RZIWZLTWVHGYJZ;obloliving-doc400;1.0.0
doc400;784561B7EC29;01CFFFSARELNWTDD;obloliving-doc400;1.0.0
doc400;784561B7F71B;01LCUUWUHXICHEFG;obloliving-doc400;1.0.0
doc400;784561B7F71D;01XSMUTZACOFNZUA;obloliving-doc400;1.0.0
doc400;784561B7E289;01UEUDJCRTGAJCBG;obloliving-doc400;1.0.0
doc400;784561B7F71F;01VEHDKGUTPUKPMZ;obloliving-doc400;1.0.0
doc400;784561B7CC33;01MXUJVWZNEEZZTZ;obloliving-doc400;1.0.0
doc400;784561B7D615;01IAENORBXFWMPZF;obloliving-doc400;1.0.0
doc400;784561B7F715;01CQPZWPUFCQFFXK;obloliving-doc400;1.0.0
doc400;784561B7CEDB;01JSIUNXQNBMLTMO;obloliving-doc400;1.0.0
doc400;784561B7D791;01QDDTWLTBCZMMHF;obloliving-doc400;1.0.0
doc400;784561B7D795;01KZQGLDGTYAJCNM;obloliving-doc400;1.0.0
doc400;784561B7D411;01UHHRKSAQUWIZHS;obloliving-doc400;1.0.0
doc400;784561B7F625;01WXNKPEYWDTACSK;obloliving-doc400;1.0.0
doc400;784561B7F621;01BXSABRWSCECNHO;obloliving-doc400;1.0.0
doc400;784561B7DD03;01QGFQMCUXEVLBFB;obloliving-doc400;1.0.0
doc400;784561B7DBDD;01LFXFNDNOTIWTXO;obloliving-doc400;1.0.0
doc400;784561B7DBDF;01NDQWPTEGUNOFLZ;obloliving-doc400;1.0.0
doc400;784561B7E943;01NNTPIZKXDDJZPY;obloliving-doc400;1.0.0
doc400;784561B7EDD1;01KNCJVBCZEPTSIF;obloliving-doc400;1.0.0
doc400;784561B7DBDB;01ZEKXAVDHPZUACR;obloliving-doc400;1.0.0
doc400;784561B7E27F;01LSLKUYMRYUPAZW;obloliving-doc400;1.0.0
doc400;784561B7E839;01EWYBESSPETPCBO;obloliving-doc400;1.0.0
doc400;784561B7DD01;01KLZOXZJSLNHRZP;obloliving-doc400;1.0.0
doc400;784561B7DD4F;01CMOANLKTZGUINF;obloliving-doc400;1.0.0
doc400;784561B7D2A9;01KQKPANXEWHEGQZ;obloliving-doc400;1.0.0
doc400;784561B7CBDF;01HWPLATHSOJZMEG;obloliving-doc400;1.0.0
doc400;784561B7E4AF;01FBREAJYGUYTERO;obloliving-doc400;1.0.0
doc400;784561B7CB2D;01MKVISZRUBPWZKB;obloliving-doc400;1.0.0
doc400;784561B7CED1;01YFRWNYUMPAETEM;obloliving-doc400;1.0.0
doc400;784561B7DB2F;01ACROTEZXSVFVCY;obloliving-doc400;1.0.0
doc400;784561B7D7FB;01WKKMTCUGZGBEMG;obloliving-doc400;1.0.0
doc400;784561B7DB2D;01ZWMJSKFMHEGDQQ;obloliving-doc400;1.0.0
doc400;784561B7D7FF;01SXTFSMSUJKEQMP;obloliving-doc400;1.0.0
doc400;784561B7E9F9;01QQUHKXFQNZZUVR;obloliving-doc400;1.0.0
doc400;784561B7EA35;01ZCURLIWKVZUREP;obloliving-doc400;1.0.0
doc400;784561B7EA37;01DTKYZGYCPYWQSW;obloliving-doc400;1.0.0
doc400;784561B7D8FD;01WAAAZOEBYTVOKR;obloliving-doc400;1.0.0
doc400;784561B7E887;01AWUXSYGIBJUDRX;obloliving-doc400;1.0.0
doc400;784561B7EA33;01YDVRDKDHFPKRDF;obloliving-doc400;1.0.0
doc400;784561B7E9F1;01TWEFPXCVFVYXKD;obloliving-doc400;1.0.0
doc400;784561B7F92F;01BJPXPUPVOEPWTI;obloliving-doc400;1.0.0
doc400;784561B7F6F1;01ZKUYLTRAFYPINY;obloliving-doc400;1.0.0
doc400;784561B7F6D7;01KQFIFXUCUAFIDD;obloliving-doc400;1.0.0
doc400;784561B7CC47;01ZMGAZMIWEMDPHB;obloliving-doc400;1.0.0
doc400;784561B7F6D3;01EQAGMYVPVBLCVW;obloliving-doc400;1.0.0
doc400;784561B7F6D1;01XTHZASDKQLVCIW;obloliving-doc400;1.0.0
doc400;784561B7E2DB;01NRJNJIMMYFXCZH;obloliving-doc400;1.0.0
doc400;784561B7E72F;01PAHJFTYXGUULWV;obloliving-doc400;1.0.0
doc400;784561B7E72B;01ZOKPEZUFSQYYWZ;obloliving-doc400;1.0.0
doc400;784561B7E2DD;01FJPRSFRPYJIYDX;obloliving-doc400;1.0.0
doc400;784561B7E35D;01ALAUNETMCPEAOW;obloliving-doc400;1.0.0
doc400;784561B7DB1D;01TWTGTSFSRWLLDL;obloliving-doc400;1.0.0
doc400;784561B7D7E7;01ZBXRCIYTNPLPSK;obloliving-doc400;1.0.0
doc400;784561B7F84F;01NZTHIVSDRATFUC;obloliving-doc400;1.0.0
doc400;784561B7DB9F;01ONSARAXGGFYDMY;obloliving-doc400;1.0.0
doc400;784561B7E725;01YTVXUGLBVFXAIO;obloliving-doc400;1.0.0
doc400;784561B7E727;01NPBIIRXSAQUQZJ;obloliving-doc400;1.0.0
doc400;784561B7F5D9;01QZKIZMCLSATHYY;obloliving-doc400;1.0.0
doc400;784561B7E721;01RHCCGTFWXHDZIG;obloliving-doc400;1.0.0
doc400;784561B7D001;01VEHEGJMRMSFADZ;obloliving-doc400;1.0.0
doc400;784561B7E355;01TRYPYEQNFECQEA;obloliving-doc400;1.0.0
doc400;784561B7ECB3;01OFTTAVCRHEAGEX;obloliving-doc400;1.0.0
doc400;784561B7DB9D;01SDQTAQKTGKOCRW;obloliving-doc400;1.0.0
doc400;784561B7E729;01MBQMGKQXLWFAFS;obloliving-doc400;1.0.0
doc400;784561B7EAE5;01FZCAQHBWSYBHJB;obloliving-doc400;1.0.0
doc400;784561A73151;01AAVOUGTNTXNCLT;obloliving-doc400;1.0.0
doc400;784561B7F927;01VENDSQUHYYWRSI;obloliving-doc400;1.0.0
doc400;784561B7F925;01FKZZFEPRWWQJWV;obloliving-doc400;1.0.0
doc400;784561B7F923;01MYAIHGVEDBTLFM;obloliving-doc400;1.0.0
doc400;784561B7D11F;01CNPQHMMXAFTOXT;obloliving-doc400;1.0.0
doc400;784561B7EBA5;01MQMUQUBQYAGTHM;obloliving-doc400;1.0.0
doc400;784561B7F6DF;01SICZWOMHLPXUGP;obloliving-doc400;1.0.0
doc400;784561B7F6DD;01AGUCWDVUSIRLLP;obloliving-doc400;1.0.0
doc400;784561B7F6DB;01ECPUCHHEZGUZDP;obloliving-doc400;1.0.0
doc400;784561B7D7F3;01JPMFKGDOFCFXFQ;obloliving-doc400;1.0.0
doc400;784561B7D8F9;01MKZPBVDIFFPJYQ;obloliving-doc400;1.0.0
doc400;784561B7D7F1;01ERLEKRNJCUKNTW;obloliving-doc400;1.0.0
doc400;784561B7F317;01VNDVAOUMJZZFMG;obloliving-doc400;1.0.0
doc400;784561B7E34D;01CFWMBQFNRZSYXC;obloliving-doc400;1.0.0
doc400;784561B7F313;01KXCXWHZXDDOPVL;obloliving-doc400;1.0.0
doc400;784561B7E9FD;01YWAKAYTVTFLSQV;obloliving-doc400;1.0.0
doc400;784561B7D8F3;01QGUUPTBPIFKHIH;obloliving-doc400;1.0.0
doc400;784561B7D8F5;01WRNTMRYBYZPOQA;obloliving-doc400;1.0.0
doc400;784561B7EA3B;01LGKTFXYZWQLTEA;obloliving-doc400;1.0.0
doc400;784561B7E751;01DUEYKEJGXGIZDY;obloliving-doc400;1.0.0
doc400;784561B7E4A9;01IMXOVRFFWRVMVK;obloliving-doc400;1.0.0
doc400;784561B7E759;01RLGQSEEOXSRQVV;obloliving-doc400;1.0.0
doc400;784561B7E4A7;01TOIVZCBWKJLRQL;obloliving-doc400;1.0.0
doc400;784561B7F499;01HSHJEAWGZIQQLY;obloliving-doc400;1.0.0
doc400;784561B7E613;01WZKXQIMFBKANIZ;obloliving-doc400;1.0.0
doc400;784561B7D2AF;01NWVVVFFKIOFHAJ;obloliving-doc400;1.0.0
doc400;784561A72FA7;01KIOAOUIOYVDAIX;obloliving-doc400;1.0.0
doc400;784561B7F01D;01IFZSXYVMCKLYTR;obloliving-doc400;1.0.0
doc400;784561B7D803;01QALNKCVTDUCRTH;obloliving-doc400;1.0.0
doc400;784561B7D801;01JFELPHJDVKBHPP;obloliving-doc400;1.0.0
doc400;784561B7D805;01MCHLJCOGRHVWIG;obloliving-doc400;1.0.0
doc400;784561B7DD0F;01FNQYMRISFVLWRB;obloliving-doc400;1.0.0
doc400;784561B7C8DF;01CQDFKIEIZHNDPC;obloliving-doc400;1.0.0
doc400;784561B7DD0D;01GZEFHFFKUHZPNV;obloliving-doc400;1.0.0
doc400;784561B7D809;01ATMLSCHQYLEDHV;obloliving-doc400;1.0.0
doc400;784561B7E535;01KZCXTGRTNXZLBF;obloliving-doc400;1.0.0
doc400;784561B7DB91;01PYXTZVAZOIREVH;obloliving-doc400;1.0.0
doc400;784561B7E537;01JOVBNRFEGPOGVE;obloliving-doc400;1.0.0
doc400;784561B7F66B;01MLOXPZIHGEHLBH;obloliving-doc400;1.0.0
doc400;784561B7D7E5;01OUUJHQYIUDFVCJ;obloliving-doc400;1.0.0
doc400;784561B7E21B;01LLKUBATGHJUGBB;obloliving-doc400;1.0.0
doc400;784561B7F74F;01VUWXQLQVZXIBKT;obloliving-doc400;1.0.0
doc400;784561B7F74D;01EUCEHUAMGGTYRM;obloliving-doc400;1.0.0
doc400;784561B7D1CB;01LAACGQSDLVWSOH;obloliving-doc400;1.0.0
doc400;784561B7F74B;01BDVVZOHOFUYFNT;obloliving-doc400;1.0.0
doc400;784561B7D367;01NCZQJUIKHEZVKJ;obloliving-doc400;1.0.0
doc400;784561B7D89D;01ALSHVQRKLPZKDK;obloliving-doc400;1.0.0
doc400;784561B7D52D;01EMXOABOTROUDMY;obloliving-doc400;1.0.0
doc400;784561B7D4C7;01FTRMRHFVIJYUOP;obloliving-doc400;1.0.0
doc400;784561B7DB95;01NBZRQDZYMQJJWK;obloliving-doc400;1.0.0
doc400;784561B7D4C5;01TTDBUCOHMJKXGW;obloliving-doc400;1.0.0
doc400;784561B7D89B;01STTOTEMMGUGJYL;obloliving-doc400;1.0.0
doc400;784561B7F8CD;01SSPJJSEYNLPUIM;obloliving-doc400;1.0.0
doc400;784561B7F991;01ESIZQCAFGTYOYJ;obloliving-doc400;1.0.0
doc400;784561B7D9A5;01IXMHYCRLMLMMSB;obloliving-doc400;1.0.0
doc400;784561B7D369;01BIWIAMDVTLYYCO;obloliving-doc400;1.0.0
doc400;784561B7F995;01WBPDVTJMITEBOV;obloliving-doc400;1.0.0
doc400;784561B7EBAD;01YGOSTVKVBHFCCZ;obloliving-doc400;1.0.0
doc400;784561B7EB3D;01LPORLCKDMDOEJW;obloliving-doc400;1.0.0
doc400;784561B7DB1B;01EBHTPWGABOHBBP;obloliving-doc400;1.0.0
doc400;784561B7DB99;01XIXYSZXBEJSQBM;obloliving-doc400;1.0.0
doc400;784561B7F61B;01DGXVOEHOQEWYOK;obloliving-doc400;1.0.0
doc400;784561B7DE3B;01ZGELQWQOHYOAMH;obloliving-doc400;1.0.0
doc400;784561B7D4F3;01AOHDTWGBQEXXHQ;obloliving-doc400;1.0.0
doc400;784561B7EA4D;01GIRGTEQAQCLVJP;obloliving-doc400;1.0.0
doc400;784561B7F7E9;01DQMEBLAPAPEROH;obloliving-doc400;1.0.0
doc400;784561B7DEEB;01ULASVPMAQXWQMC;obloliving-doc400;1.0.0
doc400;784561B7E225;01QEMZITVONNPNKG;obloliving-doc400;1.0.0
doc400;784561B7E593;01KLKBAOKJXVHJVH;obloliving-doc400;1.0.0
doc400;784561B7D897;01EWODYPLQPWYQQM;obloliving-doc400;1.0.0
doc400;784561B7D36D;01XEDGQCQJXPQKZS;obloliving-doc400;1.0.0
doc400;784561B7D891;01IRGKGSDMOJODJT;obloliving-doc400;1.0.0
doc400;784561B7DDA7;01MQETVHMZXBPSZT;obloliving-doc400;1.0.0
doc400;784561B7D893;01ZTCTCPBWQFHKFR;obloliving-doc400;1.0.0
doc400;784561B7F8C5;01AOSPJUPTDWBFMS;obloliving-doc400;1.0.0
doc400;784561B7F8C7;01BXGLVTGQYSKMDI;obloliving-doc400;1.0.0
doc400;784561B7E229;01FAQUBLBNRYLZBT;obloliving-doc400;1.0.0
doc400;784561B7ED6B;01HRHCGFWFUEDUDO;obloliving-doc400;1.0.0
doc400;784561B7F8C3;01VXHMBSETFDVFNG;obloliving-doc400;1.0.0
doc400;784561A72BDF;01HCPINQQPTCWHIL;obloliving-doc400;1.0.0
doc400;784561B7F749;01DQXJLPJSXHGGEB;obloliving-doc400;1.0.0
doc400;784561B7E983;01TXFQKANZQQBGYS;obloliving-doc400;1.0.0
doc400;784561B7CC4D;01KDJRLISQOXLCID;obloliving-doc400;1.0.0
doc400;784561B7D1C7;01QDNZQLCYJMMMLV;obloliving-doc400;1.0.0
doc400;784561B7F745;01CFWSLVUGEAKEEJ;obloliving-doc400;1.0.0
doc400;784561B7F743;01YCFZQRDFKBVKOR;obloliving-doc400;1.0.0
doc400;784561B7D7EB;01VITJTCIRXUUHNO;obloliving-doc400;1.0.0
doc400;784561B7F741;01GHUPQGTECNTOEE;obloliving-doc400;1.0.0
doc400;784561B7D1C1;01CTWOVUHEEYUYDG;obloliving-doc400;1.0.0
doc400;784561B7D8D3;01HJPFRUTAPABNJO;obloliving-doc400;1.0.0
doc400;784561B7D297;01FFYZBIGKZWKLGT;obloliving-doc400;1.0.0
doc400;784561B7D295;01JMUWVIAHHSOQGG;obloliving-doc400;1.0.0
doc400;784561B7DE51;01UNAKFJUMFIIQFS;obloliving-doc400;1.0.0
doc400;784561B7F69D;01IBPWNLLPEGQGEB;obloliving-doc400;1.0.0
doc400;784561B7D299;01ODYIIHOGIHTPTR;obloliving-doc400;1.0.0
doc400;784561B7DD05;01SUAVUGGIDJLWDG;obloliving-doc400;1.0.0
doc400;784561B7DCD1;01WMIWTIESRDVSXN;obloliving-doc400;1.0.0
doc400;784561B7F133;01XWFNHBNZDEWZRF;obloliving-doc400;1.0.0
doc400;784561B7E737;01ZECXEPTCLXFNDM;obloliving-doc400;1.0.0
doc400;784561B7E37B;01JCYCVCHGLXEPNS;obloliving-doc400;1.0.0
doc400;784561B7D07D;01YVETOVIQCXZEZU;obloliving-doc400;1.0.0
doc400;784561B7E735;01YEKMZTEQVDJPKR;obloliving-doc400;1.0.0
doc400;784561B7E449;01UYKNXDUJCJYGHI;obloliving-doc400;1.0.0
doc400;784561B7E3C9;01LLMLHXJRHAUXWT;obloliving-doc400;1.0.0
doc400;784561B7EA75;01HLAIVJXWUSIWZP;obloliving-doc400;1.0.0
doc400;784561B7EA77;01BHVUFVHFLGFMZZ;obloliving-doc400;1.0.0
doc400;784561B7DDB7;01VSVHPIVOYKFHEW;obloliving-doc400;1.0.0
doc400;784561B7D14D;01ZZWJRWKOLZHFFN;obloliving-doc400;1.0.0
doc400;784561B7E3C7;01YMPAFDGTYXQAHF;obloliving-doc400;1.0.0
doc400;784561B7E3C5;01ZVENCINSTRTCNN;obloliving-doc400;1.0.0
doc400;784561B7F29B;01BEXLGHFBXQQCPI;obloliving-doc400;1.0.0
doc400;784561A72F69;01ZHWKGLYBDVOWNX;obloliving-doc400;1.0.0
doc400;784561B7F29D;01NCAVSYYYSQIPIM;obloliving-doc400;1.0.0
doc400;784561B7D421;01JMDKLQICCGMNVG;obloliving-doc400;1.0.0
doc400;784561B7E4DD;01VVGWWKEVRHZDRA;obloliving-doc400;1.0.0
doc400;784561B7D423;01YRCRONGXTJERZR;obloliving-doc400;1.0.0
doc400;784561B7D425;01YKKNESDJAPSIDK;obloliving-doc400;1.0.0
doc400;784561B7DCED;01PGYQDRDLYQWBLB;obloliving-doc400;1.0.0
doc400;784561B7E4DB;01EDRJDVCTZOOVBV;obloliving-doc400;1.0.0
doc400;784561B7D587;01AFJQQZPZVZRZYO;obloliving-doc400;1.0.0
doc400;784561B7D429;01RANYMTCHAKVBSN;obloliving-doc400;1.0.0
doc400;784561B7D585;01DKYWVNHYYIVAFZ;obloliving-doc400;1.0.0
doc400;784561B7D583;01CVBYJSKYKDXUCJ;obloliving-doc400;1.0.0
doc400;784561B7F7EF;01NBAAJAAKVQHSTR;obloliving-doc400;1.0.0
doc400;784561B7DCE3;01LOAPLXLUEFBSGU;obloliving-doc400;1.0.0
doc400;784561B7E4D7;01NMHUAGGEQZBCRZ;obloliving-doc400;1.0.0
doc400;784561B7DCE1;01XTHMPDVABICPUH;obloliving-doc400;1.0.0
doc400;784561B7DCE5;01TZYJGQZWUSNLQG;obloliving-doc400;1.0.0
doc400;784561B7F963;01SLCLLYEUJMIGVL;obloliving-doc400;1.0.0
doc400;784561B7D58F;01SIVUSQBFBOOJKP;obloliving-doc400;1.0.0
doc400;784561B7F961;01MZCASXHFQYLXAL;obloliving-doc400;1.0.0
doc400;784561B7D58D;01OHVUGTXCCXSRLV;obloliving-doc400;1.0.0
doc400;784561B7E4D9;01FSQZLHYOQEGMHT;obloliving-doc400;1.0.0
doc400;784561B7D58B;01HZUZEJDOOGBIZV;obloliving-doc400;1.0.0
doc400;784561B7F965;01VAHYKWDOBKGJVD;obloliving-doc400;1.0.0
doc400;784561B7CAD5;01LUMPAZHIVITRAI;obloliving-doc400;1.0.0
doc400;784561B7CAD3;01OIONVLYRUWGZHU;obloliving-doc400;1.0.0
doc400;784561B7F297;01NORNMSLQOSLOPY;obloliving-doc400;1.0.0
doc400;784561B7DC97;01KWNENKGCLRAOQL;obloliving-doc400;1.0.0
doc400;784561B7F299;01HYPCGHFHYEIVOQ;obloliving-doc400;1.0.0
doc400;784561B7DFC9;01UXHBRQTAPNIRPW;obloliving-doc400;1.0.0
doc400;784561A73BD1;01RFISFTZMVDBEBS;obloliving-doc400;1.0.0
doc400;784561B7DC75;01TFUGUUWVIZGEWF;obloliving-doc400;1.0.0
doc400;784561B7EA07;01NTEMIOZNYPVTMV;obloliving-doc400;1.0.0
doc400;784561B7EA7D;01YQOCXSUHHDLLHS;obloliving-doc400;1.0.0
doc400;784561B7E3CB;01KUBCBVSQRNFRAC;obloliving-doc400;1.0.0
doc400;784561B7CD6B;01KYIMKBDDYHDRBZ;obloliving-doc400;1.0.0
doc400;784561B7E235;01PDJJBIPIXZLQVE;obloliving-doc400;1.0.0
doc400;784561B7EA09;01BJZWKFFIEFGZPW;obloliving-doc400;1.0.0
doc400;784561B7CD6F;01BQRBREUBYWPYER;obloliving-doc400;1.0.0
doc400;784561B7D889;01NTJMNAIOUTGKGK;obloliving-doc400;1.0.0
doc400;784561B7F6A1;01ERFFBXXQFHLBTM;obloliving-doc400;1.0.0
doc400;784561B7D7F9;01SKCZTLPDCVYQUE;obloliving-doc400;1.0.0
doc400;784561B7F6A3;01UKMMZKYQKTRRIR;obloliving-doc400;1.0.0
doc400;784561B7CB39;01ZFYKOTEMDJXKPG;obloliving-doc400;1.0.0
doc400;784561B7D57D;01OOITXVCTGKCOGX;obloliving-doc400;1.0.0
doc400;784561B7F96F;01AAQLJSVOVUVEKS;obloliving-doc400;1.0.0
doc400;784561B7F87D;01FRNZUUSTOKTSNH;obloliving-doc400;1.0.0
doc400;784561B7E007;01CHCGMOPKHAXIFD;obloliving-doc400;1.0.0
doc400;784561B7F969;01FEQPXQJFIOXFQC;obloliving-doc400;1.0.0
doc400;784561B7EAB3;01SHSKQFGHIQLSKU;obloliving-doc400;1.0.0
doc400;784561B7EAB1;01SVKLAFGWNXBJGJ;obloliving-doc400;1.0.0
doc400;784561B7EAB7;01MSHMQOJZXYIDYJ;obloliving-doc400;1.0.0
doc400;784561B7C81B;01NARVNPXNWZUJJK;obloliving-doc400;1.0.0
doc400;784561B7EAB5;01UBYAHBWEUQBKMC;obloliving-doc400;1.0.0
doc400;784561B7D4DB;01TYPUHWNSRELMKX;obloliving-doc400;1.0.0
doc400;784561B7EAB9;01HVKNQVCTMZEIGH;obloliving-doc400;1.0.0
doc400;784561A73D8F;01NEJFTGRYDHPJEP;obloliving-doc400;1.0.0
doc400;784561B7D7A9;01VBRSVKHWTNOYHM;obloliving-doc400;1.0.0
doc400;784561B7E50D;01HUEQALGJVZMINZ;obloliving-doc400;1.0.0
doc400;784561B7D7A7;01XLSKPMRRLMKGJY;obloliving-doc400;1.0.0
doc400;784561B7D7A5;01BCNWFDIXMFXEQU;obloliving-doc400;1.0.0
doc400;784561B7D8C7;01DMGEJXFEJJTVFT;obloliving-doc400;1.0.0
doc400;784561B7DBEF;01KDUTQJXCWQVUML;obloliving-doc400;1.0.0
doc400;784561B7D8C5;01MAQWKBBQXXYKIV;obloliving-doc400;1.0.0
doc400;784561B7DBED;01SIVPPJMBHMGIEC;obloliving-doc400;1.0.0
doc400;784561B7D8C3;01HQVKNFFPCHULWJ;obloliving-doc400;1.0.0
doc400;784561B7DC71;01MAEQIEVTQLBKOO;obloliving-doc400;1.0.0
doc400;784561B7D8C1;01MTWYZZXMESEGKS;obloliving-doc400;1.0.0
doc400;784561B7F7DF;01YQKZPCBMHSZRGI;obloliving-doc400;1.0.0
doc400;784561B7DCD9;01JKSHFPJOBBBNYG;obloliving-doc400;1.0.0
doc400;784561B7D0EF;01QBONBJQFALIRFG;obloliving-doc400;1.0.0
doc400;784561B7E26D;01GVAFJMUBJMXQZP;obloliving-doc400;1.0.0
doc400;784561B7D8C9;01EKFYHIBAGLVGVF;obloliving-doc400;1.0.0
doc400;784561B7DBE7;01OCPYPMJPRCBKOM;obloliving-doc400;1.0.0
doc400;784561B7D8CF;01ASVDSFJGUBKIBR;obloliving-doc400;1.0.0
doc400;784561B7DBE5;01ZLIKOFDKAXNMFA;obloliving-doc400;1.0.0
doc400;784561B7D8CD;01RAARTLNSUPZMOS;obloliving-doc400;1.0.0
doc400;784561B7DD51;01IDXLZMWWDMYHAV;obloliving-doc400;1.0.0
doc400;784561B7D8CB;01HQFFGCIMLNVVEF;obloliving-doc400;1.0.0
doc400;784561B7DBE1;01TZJPVTPKESBKJY;obloliving-doc400;1.0.0
doc400;784561B7E5F3;01HPGPOLZKZSDLDQ;obloliving-doc400;1.0.0
doc400;784561B7EA9D;01PJRKFFXVUMXSEQ;obloliving-doc400;1.0.0
doc400;784561B7E76D;01SRKTWQPCERSRYT;obloliving-doc400;1.0.0
doc400;784561B7DE91;01MSZPIVIOPNYZZF;obloliving-doc400;1.0.0
doc400;784561B7F7EB;01QOMQSRBYUZVLJQ;obloliving-doc400;1.0.0
doc400;784561B7F7DB;01PWEBHVAGLDZFSK;obloliving-doc400;1.0.0
doc400;784561B7DD4B;01QQTPUNSHSFUQLW;obloliving-doc400;1.0.0
doc400;784561B7E503;01DVNMHUTKPTSSED;obloliving-doc400;1.0.0
doc400;784561B7E2FF;01HXARMRNAMOVCCW;obloliving-doc400;1.0.0
doc400;784561B7F573;01BHVXSNCYUVNGRE;obloliving-doc400;1.0.0
doc400;784561B7F8B7;01YVTHPVLZOIWHRD;obloliving-doc400;1.0.0
doc400;784561B7F703;01LLBLLYHYEDGGPX;obloliving-doc400;1.0.0
doc400;784561B7F701;01AITAGIUINGZBSV;obloliving-doc400;1.0.0
doc400;784561B7EABF;01SGQVHNXSVGLGCC;obloliving-doc400;1.0.0
doc400;784561B7EABD;01RUMSUIKTGDGLEA;obloliving-doc400;1.0.0
doc400;784561B7EDD9;01VFPDXFXOXPGKNL;obloliving-doc400;1.0.0
doc400;784561B7E4EB;01LLHVQAYZEZAOFZ;obloliving-doc400;1.0.0
doc400;784561B7E7D1;01LUHILMUSXLVWZO;obloliving-doc400;1.0.0
doc400;784561B7DA11;01WONELZHJNKNSLN;obloliving-doc400;1.0.0
doc400;784561B7DBA7;01OOEQCMMEKNVGUW;obloliving-doc400;1.0.0
doc400;784561B7DA13;01YBIPJLICFVFODR;obloliving-doc400;1.0.0
doc400;784561B7D969;01YKKNESDJAPSIDK;obloliving-doc400;1.0.0
doc400;784561B7DCD3;01QJVNCYZSBKGJTY;obloliving-doc400;1.0.0
doc400;784561B7DA19;01VAGJWXAAFWMTUQ;obloliving-doc400;1.0.0
doc400;784561B7CD7D;01PIUOKYRAXNJLBQ;obloliving-doc400;1.0.0
doc400;784561B7F757;01IRLRGZZZOBGDDI;obloliving-doc400;1.0.0
doc400;784561B7CC7F;01HVROOSGPBRMXPY;obloliving-doc400;1.0.0
doc400;784561B7D77F;01JMVSJCKRSPCDKD;obloliving-doc400;1.0.0
doc400;784561B7DD21;01SLIYNWOLISOAQS;obloliving-doc400;1.0.0
doc400;784561B7EFCD;01CUIDLVDLMXCOIH;obloliving-doc400;1.0.0
doc400;784561B7D419;01TRGDGZGSIVFXQP;obloliving-doc400;1.0.0
doc400;784561B7F9E7;01OJPNBHQOTABYAH;obloliving-doc400;1.0.0
doc400;784561B7DD17;01KETERMKVFTPZHP;obloliving-doc400;1.0.0
doc400;784561B7D10F;01CWCIKSYINHRUYK;obloliving-doc400;1.0.0
doc400;784561B7E3DD;01RYQXGWXUSZUUUC;obloliving-doc400;1.0.0
doc400;784561B7F1E7;01WSAHIKUBYHFSDQ;obloliving-doc400;1.0.0
doc400;784561B7F6EB;01DKFYJIRMTFTNRC;obloliving-doc400;1.0.0
doc400;784561B7D781;01UJQIGSSVRCSYGE;obloliving-doc400;1.0.0
doc400;784561B7F6ED;01IGNLUQPDOCXESM;obloliving-doc400;1.0.0
doc400;784561B7F6EF;01KXSSAQDTYKENCI;obloliving-doc400;1.0.0
doc400;784561B7F639;01FMMFTHXLZTYYXS;obloliving-doc400;1.0.0
doc400;784561B7EDBD;01CRFXWGMQYUJBML;obloliving-doc400;1.0.0
doc400;784561B7D6A3;01UDGQQYXUXZHWST;obloliving-doc400;1.0.0
doc400;784561B7E953;01RBGIKXCITMPPAI;obloliving-doc400;1.0.0
doc400;784561B7E951;01AKSGHTADZRJUZK;obloliving-doc400;1.0.0
doc400;784561B7EDC7;01WUCHUTKGPQVAMF;obloliving-doc400;1.0.0
doc400;784561B7DCA3;01JRZTUPHSBJKSFP;obloliving-doc400;1.0.0
doc400;784561B7D2B5;01STASVBRCDPQUQY;obloliving-doc400;1.0.0
doc400;784561B7D533;01AZDRHTOLBWCKPL;obloliving-doc400;1.0.0
doc400;784561B7DC6B;01NOATUAELWPDYEE;obloliving-doc400;1.0.0
doc400;784561B7D2A7;01ZZUOSMZPVJIDLY;obloliving-doc400;1.0.0
doc400;784561A73027;01RTFTYWMVHIUUOT;obloliving-doc400;1.0.0
doc400;784561B7F855;01QHDYFWWFSCQJIU;obloliving-doc400;1.0.0
doc400;784561B7D2B9;01UMQAMONHASXFIE;obloliving-doc400;1.0.0
doc400;784561B7EF93;01BNTMZZXZFEARON;obloliving-doc400;1.0.0
doc400;784561B7CA8B;01ZSHTKYLPPQQANJ;obloliving-doc400;1.0.0
doc400;784561B7EA43;01MWFHLYNSSOYXZP;obloliving-doc400;1.0.0
doc400;784561B7D4F9;01WYNAMQNWDVQHPV;obloliving-doc400;1.0.0
doc400;784561B7F6E9;01TOWJTOLGCOBVCV;obloliving-doc400;1.0.0
doc400;784561B7D101;01ICCVINZLZFVNYV;obloliving-doc400;1.0.0
doc400;784561B7E3D1;01ZFKGVCIAWVVALY;obloliving-doc400;1.0.0
doc400;784561B7D107;01LYROZKUMNEVUMM;obloliving-doc400;1.0.0
doc400;784561B7D105;01DWXMSTCOGBNEGE;obloliving-doc400;1.0.0
doc400;784561B7F6E1;01EMYXOWNGHVGXFF;obloliving-doc400;1.0.0
doc400;784561B7F6E3;01KUBMGFYMXQYNWC;obloliving-doc400;1.0.0
doc400;784561B7E3D9;01FVEHVFGABKFXEI;obloliving-doc400;1.0.0
doc400;784561B7F6E5;01GWELSSNRHAIJMY;obloliving-doc400;1.0.0
doc400;784561B7EC3F;01URBQZMIIDQKXCK;obloliving-doc400;1.0.0
doc400;784561B7F6E7;01DPFOKFGYYPOJSF;obloliving-doc400;1.0.0
doc400;784561B7CA7F;01OHPLCXGSDUOITU;obloliving-doc400;1.0.0
doc400;784561A72F55;01DNGIXLRDVNDCTH;obloliving-doc400;1.0.0
doc400;784561B7EBB7;01MMVQVHPDWAGCYK;obloliving-doc400;1.0.0
doc400;784561B7EBB1;01XWYLSDTFHSOXUI;obloliving-doc400;1.0.0
doc400;784561A735CD;01QUVWRNNULYFMTO;obloliving-doc400;1.0.0
doc400;784561B7DCA9;01DEAGRAQNNJXRBT;obloliving-doc400;1.0.0
doc400;784561B7F337;01RVDRBAHKEGGAUA;obloliving-doc400;1.0.0
doc400;784561B7DB4D;01XLCBTPPZBHSUSP;obloliving-doc400;1.0.0
doc400;784561B7E329;01EGTFJURAJAZIPK;obloliving-doc400;1.0.0
doc400;784561B7F859;01BRUYWVJLAQXJMZ;obloliving-doc400;1.0.0
doc400;784561B7E733;01CTSIEOTHFNSZYC;obloliving-doc400;1.0.0
doc400;784561B7E731;01GTHSIGGJWZFVBM;obloliving-doc400;1.0.0
doc400;784561B7EAF1;01PPAVDUSPQNJXEX;obloliving-doc400;1.0.0
doc400;784561B7F769;01FTGYXOKXSDNFOM;obloliving-doc400;1.0.0
doc400;784561B7F851;01QPXDFBORPZHVXS;obloliving-doc400;1.0.0
doc400;784561B7D7FD;01RVAROQIGCITKBB;obloliving-doc400;1.0.0
doc400;784561B7F857;01LCVLFNOQZNIPCM;obloliving-doc400;1.0.0
doc400;784561B7E739;01VJQWXKZNITLLRL;obloliving-doc400;1.0.0
doc400;784561B7D4F1;01WVGAHCBLJHGGPH;obloliving-doc400;1.0.0
doc400;784561B7DD8F;01ZSPHKQAEFUMDJH;obloliving-doc400;1.0.0
doc400;784561B7DD8D;01CITCFKYKFEBZKT;obloliving-doc400;1.0.0
doc400;784561B7F98F;01HQEUBZWBQIHFCA;obloliving-doc400;1.0.0
doc400;784561B7DD8B;01ESHFLBOHZFIBZC;obloliving-doc400;1.0.0
doc400;784561B7ED5B;01GUMQSDQTVVIKAG;obloliving-doc400;1.0.0
doc400;784561B7E36B;01RDVFBTGFESAMXE;obloliving-doc400;1.0.0
doc400;784561B7D0EB;01JMOHMMOJIRERUG;obloliving-doc400;1.0.0
doc400;784561B7D0ED;01YGLMGFWYDAIDMD;obloliving-doc400;1.0.0
doc400;784561B7D7E1;01YXPUZNSVKKFXQU;obloliving-doc400;1.0.0
doc400;784561B7E7D7;01WIZJHXIIVMDXYH;obloliving-doc400;1.0.0
doc400;784561B7DBB7;01WXEOMJTUDIASML;obloliving-doc400;1.0.0
doc400;784561B7D547;01EYQFGOGFDERXBV;obloliving-doc400;1.0.0
doc400;784561B7DB97;01LJDVANREPKVVZH;obloliving-doc400;1.0.0
doc400;784561B7F309;01BSWIBQSALSRWAH;obloliving-doc400;1.0.0
doc400;784561B7E457;01CACRNRTLOKQECR;obloliving-doc400;1.0.0
doc400;784561B7DCA7;01TYMDTLMAMOLYHL;obloliving-doc400;1.0.0
doc400;784561B7D95F;01HWWUNEQSJBVERI;obloliving-doc400;1.0.0
doc400;784561B7DCA5;01NWIEBOPWOUNSCJ;obloliving-doc400;1.0.0
doc400;784561B7F5C3;01ITLDYVLEGBZIRK;obloliving-doc400;1.0.0
doc400;784561B7F6B9;01HGOWIFVETJAQUE;obloliving-doc400;1.0.0
doc400;784561B7DCA1;01SBEAQAOHZSMCOX;obloliving-doc400;1.0.0
doc400;784561B7F6B5;01ASRSVEZKNBTLZE;obloliving-doc400;1.0.0
doc400;784561B7F6B7;01CDUBXAPBHPWGXQ;obloliving-doc400;1.0.0
doc400;784561B7D595;01BZZXDOJXTPPAEW;obloliving-doc400;1.0.0
doc400;784561B7F6B1;01SLFZELGWTPQXJL;obloliving-doc400;1.0.0
doc400;784561B7F6B3;01VTUNGVQRFOBODG;obloliving-doc400;1.0.0
doc400;784561B7CBCD;01CFRNQDDVZCSTEC;obloliving-doc400;1.0.0
doc400;784561B7F6BD;01AFHHJZBZAENMZM;obloliving-doc400;1.0.0
doc400;784561B7DC79;01YBOPLZWAIGLLNW;obloliving-doc400;1.0.0
doc400;784561B7F6BF;01MHESUKGGBISTTR;obloliving-doc400;1.0.0
doc400;784561B7DD25;01MDRKHGVZGWZLZG;obloliving-doc400;1.0.0
doc400;784561B7F6BB;01RAPANLEKRIBHWO;obloliving-doc400;1.0.0
doc400;784561B7E423;01SOTUJWSSLUVIDT;obloliving-doc400;1.0.0
doc400;784561B7F30F;01REESMKJXCMYEWI;obloliving-doc400;1.0.0
doc400;784561B7E7DB;01YIEAWWLTXQDBTC;obloliving-doc400;1.0.0
doc400;784561B7DB3D;01XRUFGQYKDGHEXD;obloliving-doc400;1.0.0
doc400;784561B7CF27;01YKDPEKLEDTWSYQ;obloliving-doc400;1.0.0
doc400;784561B7DD87;01WFARPSLMUJSWFQ;obloliving-doc400;1.0.0
doc400;784561B7EE11;01OKSRQYNUEYLLPE;obloliving-doc400;1.0.0
doc400;784561B7DD85;01UUTLFPWWSZGVKE;obloliving-doc400;1.0.0
doc400;784561B7DD83;01ARUHVLAKOEXIIO;obloliving-doc400;1.0.0
doc400;784561B7EFD1;01GKEFWUWTEMWZCW;obloliving-doc400;1.0.0
doc400;784561B7DD73;01VITALNIAOFKZSZ;obloliving-doc400;1.0.0
doc400;784561B7D7ED;01GTBBAWYCCRSHFW;obloliving-doc400;1.0.0
doc400;784561B7D117;01FPGAWIRXDLFJDU;obloliving-doc400;1.0.0
doc400;784561B7D0E5;01GNCSKPOCOOUDBC;obloliving-doc400;1.0.0
doc400;784561B7D0E7;01NZJYUOFPSJPPTE;obloliving-doc400;1.0.0
doc400;784561B7DD89;01RQYVXYKIZRIISU;obloliving-doc400;1.0.0
doc400;784561B7F76B;01AZUNJCRHHHUHHH;obloliving-doc400;1.0.0
doc400;784561B7E73F;01BUGGIEZGEWGIBT;obloliving-doc400;1.0.0
doc400;784561B7F61F;01ZUQFYOUISENYVS;obloliving-doc400;1.0.0
doc400;784561B7DB41;01UKGBANQZYEROKA;obloliving-doc400;1.0.0
doc400;784561B7DB43;01KPVYRAGSGNRNQC;obloliving-doc400;1.0.0
doc400;784561B7F85B;01KAVSFDDCZVHYUG;obloliving-doc400;1.0.0
doc400;784561B7D867;01UAUFWEUIAVWQYX;obloliving-doc400;1.0.0
doc400;784561B7F68F;01KPVBBWHRQSXKRJ;obloliving-doc400;1.0.0
doc400;784561B7DB49;01JNMKQEUYWCKJHZ;obloliving-doc400;1.0.0
doc400;784561B7EE8F;01NQFATJMBOVMCDL;obloliving-doc400;1.0.0
doc400;784561B7F7E3;01YCIDVFPRQNOMAR;obloliving-doc400;1.0.0
doc400;784561B7F6D5;01VOZCMPVUSEOZVE;obloliving-doc400;1.0.0
doc400;784561B7DD69;01HOKXMYWPBZTGLX;obloliving-doc400;1.0.0
doc400;784561B7DD27;01OHDRLPAVBEIMWR;obloliving-doc400;1.0.0
doc400;784561B7DD67;01QSFSAORJXKWZJX;obloliving-doc400;1.0.0
doc400;784561B7CC85;01NMDWVOHKPYFZVB;obloliving-doc400;1.0.0
doc400;784561B7DD63;01TKNAPGEIVMMLXA;obloliving-doc400;1.0.0
doc400;784561B7EC4B;01GDWGCMCLCVNLCX;obloliving-doc400;1.0.0
doc400;784561B7CEF5;01VIHWZLOMRSIXGX;obloliving-doc400;1.0.0
doc400;784561B7CEF7;01DTSBREQLFNEZCG;obloliving-doc400;1.0.0
doc400;784561B7E3B1;01GFFQHCWTALRYSY;obloliving-doc400;1.0.0
doc400;784561B7F8D3;01XNHQAKYRBHBIIG;obloliving-doc400;1.0.0
doc400;784561B7F8D7;01GDQCNFKTGALEOG;obloliving-doc400;1.0.0
doc400;784561B7D1B9;01WUAMKLEWIJFODV;obloliving-doc400;1.0.0
doc400;784561B7F7E5;01PGIDVFOZIMHENF;obloliving-doc400;1.0.0
doc400;784561B7F779;01QVNGFLQDLTEAAT;obloliving-doc400;1.0.0
doc400;784561B7DC7D;01YJPUCUGZDIKMLC;obloliving-doc400;1.0.0
doc400;784561B7DB4F;01MAUXWHBTZSZSWK;obloliving-doc400;1.0.0
doc400;784561B7D0F1;01KMHOBIZTOLXXCX;obloliving-doc400;1.0.0
doc400;784561B7E857;01KKWBRYPPQQBSIV;obloliving-doc400;1.0.0
doc400;784561B7F771;01SPXCPEUBZWNJTY;obloliving-doc400;1.0.0
doc400;784561B7F777;01YWXYQZFINNQCZK;obloliving-doc400;1.0.0
doc400;784561B7D1B7;01PUBTRMFBOSWNFL;obloliving-doc400;1.0.0
doc400;784561B7F775;01OSOKERBRAJDBTT;obloliving-doc400;1.0.0
doc400;784561B7DD19;01CVTMHVUWPEWEPA;obloliving-doc400;1.0.0
doc400;784561B7EF3D;01XMGTGBVNLWENOI;obloliving-doc400;1.0.0
doc400;784561B7D0F3;01AOBSFTEICPGFVJ;obloliving-doc400;1.0.0
doc400;784561B7F021;01WLSIQATQRTEOKQ;obloliving-doc400;1.0.0
doc400;784561B7DD11;01DUIPPFUOGGHAZE;obloliving-doc400;1.0.0
doc400;784561B7DBA1;01IOGYJAZARTQDRQ;obloliving-doc400;1.0.0
doc400;784561B7DD15;01MKOQOJKAVBPNSU;obloliving-doc400;1.0.0
doc400;784561A73C21;01POGCNRQBIWXUVB;obloliving-doc400;1.0.0
doc400;784561B7F121;01RMFZEZFZUQPFYW;obloliving-doc400;1.0.0
doc400;784561B7D0E9;01PWLMCERQJPMSZN;obloliving-doc400;1.0.0
doc400;784561B7F967;01HVTOCZYXYNCSVM;obloliving-doc400;1.0.0
doc400;784561B7DBAB;01YTVNKWDISBUVKR;obloliving-doc400;1.0.0
doc400;784561B7DD1B;01UUETAJZXHSOBYM;obloliving-doc400;1.0.0
doc400;784561B7DD1D;01FADTKMHNQKNAKJ;obloliving-doc400;1.0.0
doc400;784561B7DBAD;01OLMTXKGXDKHLLW;obloliving-doc400;1.0.0
doc400;784561B7D1BB;01VQPBUIHGEUBAPM;obloliving-doc400;1.0.0
doc400;784561B7F77F;01BVDGLUHJMKDPUO;obloliving-doc400;1.0.0
doc400;784561B7D1BD;01LTTVIOFUIEJERJ;obloliving-doc400;1.0.0
doc400;784561B7D1BF;01JNEMYZCUSHAKBI;obloliving-doc400;1.0.0
doc400;784561B7D8FB;01SCIEBQZZIBPMAC;obloliving-doc400;1.0.0
doc400;784561B7CB59;01QWXHXICGQKLDUP;obloliving-doc400;1.0.0
doc400;784561B7F70B;01NRWFIOZERFRLFN;obloliving-doc400;1.0.0
doc400;784561B7DCDF;01MHWEEAKTEWVYZN;obloliving-doc400;1.0.0
doc400;784561B7F84D;01IKTHFNDEAOAITL;obloliving-doc400;1.0.0
doc400;784561B7F8DB;01TODZLFFFJMJTQM;obloliving-doc400;1.0.0
doc400;784561B7CB51;01NFYZYJTLYWHEGF;obloliving-doc400;1.0.0
doc400;784561B7F8DD;01ZOYWFXKUKLIFZM;obloliving-doc400;1.0.0
doc400;784561B7CB57;01GZYOEJCZWNWEJE;obloliving-doc400;1.0.0
doc400;784561B7F8DF;01FKFFIXAURIBUPV;obloliving-doc400;1.0.0
doc400;784561B7F247;01QLKDTPJJFCMNSL;obloliving-doc400;1.0.0
doc400;784561B7E23B;01ZXTKWMQZAQPFOL;obloliving-doc400;1.0.0
doc400;784561B7F2A7;01LUBIWPYSEEWXWW;obloliving-doc400;1.0.0
doc400;784561B7F70F;01APSDBKTSFWFLAP;obloliving-doc400;1.0.0
doc400;784561B7F957;01NULXNSZTVHFGJC;obloliving-doc400;1.0.0
doc400;784561B7DC6D;01UCVWWLVMJGLSGY;obloliving-doc400;1.0.0
doc400;784561B7E3FB;01GHQJEDMDDHZHTK;obloliving-doc400;1.0.0
doc400;784561B7F951;01CYULIZXLEHNBGE;obloliving-doc400;1.0.0
doc400;784561B7E23F;01LYIYGUPKMZGCTC;obloliving-doc400;1.0.0
doc400;784561B7F70D;01YDNHOCNGEGGYSA;obloliving-doc400;1.0.0
doc400;784561B7F959;01ZTFWDQKTMXXMMA;obloliving-doc400;1.0.0
doc400;784561B7F72B;01CRKQMAAJGALNSR;obloliving-doc400;1.0.0
doc400;784561B7CABF;01FPAJJBEYTWZDHO;obloliving-doc400;1.0.0
doc400;784561B7DFD3;01EHTHCMYJCQYAAA;obloliving-doc400;1.0.0
doc400;784561B7DD5B;01KCMZANWSYLDEZX;obloliving-doc400;1.0.0
doc400;784561B7C821;01NKERSIWFBAVAJE;obloliving-doc400;1.0.0
doc400;784561B7E7AF;01YSIDXPOHOOJJHU;obloliving-doc400;1.0.0
doc400;784561B7D073;01IAPBSXHJNYEKKT;obloliving-doc400;1.0.0
doc400;784561B7E37F;01HGIPDPQLGIKQJR;obloliving-doc400;1.0.0
doc400;784561B7D071;01EHCTVUXTNITTKB;obloliving-doc400;1.0.0
doc400;784561B7E37D;01FWDAYYKJBNBPEM;obloliving-doc400;1.0.0
doc400;784561B7D077;01OSQNCTVHTKGRJC;obloliving-doc400;1.0.0
doc400;784561B7F467;01CRWYNPGEJKOSPW;obloliving-doc400;1.0.0
doc400;784561B7DB45;01IFKIUQYWYCIXCS;obloliving-doc400;1.0.0
doc400;784561B7D079;01QYDBKBKWGWFNIM;obloliving-doc400;1.0.0
doc400;784561B7DB15;01TXANGQRNCCHTRF;obloliving-doc400;1.0.0
doc400;784561B7ED1B;01ZOIFETCJCIJUUL;obloliving-doc400;1.0.0
doc400;784561B7DECB;01MHUFZWYMFGKFRJ;obloliving-doc400;1.0.0
doc400;784561B7DB9B;01HVKKAYGMALZOUL;obloliving-doc400;1.0.0
doc400;784561B7F6F3;01MXNOWQUAYSTQYK;obloliving-doc400;1.0.0
doc400;784561B7F6F5;01RIWNYGMJEHRUNH;obloliving-doc400;1.0.0
doc400;784561B7F6F7;01EROIFOZLIXRNPD;obloliving-doc400;1.0.0
doc400;784561B7F6F9;01ONOTDCBWYUMJTT;obloliving-doc400;1.0.0
doc400;784561B7EBA7;01RVUWGINRDVFUMP;obloliving-doc400;1.0.0
doc400;784561B7D723;01OBUIRHHVTEWGMD;obloliving-doc400;1.0.0
doc400;784561B7EBA1;01UZQWFROBNDYLWN;obloliving-doc400;1.0.0
doc400;784561B7EBA3;01WPBJAUMWACQEKV;obloliving-doc400;1.0.0
doc400;784561B7DB93;01HCMDKCLOVZCENW;obloliving-doc400;1.0.0
doc400;784561B7F6FB;01YVJKLPJDCKJNVB;obloliving-doc400;1.0.0
doc400;784561B7F6FD;01BOGCFXJVCCLWYP;obloliving-doc400;1.0.0
doc400;784561B7F6FF;01DVACRGBAFRWTTO;obloliving-doc400;1.0.0
doc400;784561B7EAC5;01VENQDZXBYJKENC;obloliving-doc400;1.0.0
doc400;784561B7EBAF;01LRCFMCZPWKEPNR;obloliving-doc400;1.0.0
doc400;784561B7EAC1;01GXLPPIUZRBIHGO;obloliving-doc400;1.0.0
doc400;784561B7C9CB;01WFBIGBQCGEXZRV;obloliving-doc400;1.0.0
doc400;784561B7E377;01BSYICJMGDEVOSJ;obloliving-doc400;1.0.0
doc400;784561B7D07B;01JXQTIULJTHWDGN;obloliving-doc400;1.0.0
doc400;784561B7E373;01KXDGHIEJMUARKK;obloliving-doc400;1.0.0
doc400;784561B7D07F;01SSQQNFMMWIQKGB;obloliving-doc400;1.0.0
doc400;784561B7F2EB;01YJWKCIJZLHUOPT;obloliving-doc400;1.0.0
doc400;784561B7D99D;01MGITSUSTZYAOWY;obloliving-doc400;1.0.0
doc400;784561B7D8FF;01GPZHMDWUYHWTLT;obloliving-doc400;1.0.0
doc400;784561B7EA63;01YYDEFJJBXZFPEL;obloliving-doc400;1.0.0
doc400;784561B7F7E7;01UNDZOZWKACHRKQ;obloliving-doc400;1.0.0
doc400;784561B7CAED;01TTCOTCKNMNKQGP;obloliving-doc400;1.0.0
doc400;784561B7E7A5;01HMGPOJMQZGAXZW;obloliving-doc400;1.0.0
doc400;784561B7E32D;01VHSVAGAXJCKBWH;obloliving-doc400;1.0.0
doc400;784561B7E7A7;01OJCHXSWIQMGOSN;obloliving-doc400;1.0.0
doc400;784561B7DB05;01OUPANXVMLYYQDQ;obloliving-doc400;1.0.0
doc400;784561B7E7A3;01WZVTJBLXNJTOLL;obloliving-doc400;1.0.0
doc400;784561B7F7E1;01FNARBFFZUVBFRT;obloliving-doc400;1.0.0
doc400;784561B7F95F;01YKEWESQGHIFPIH;obloliving-doc400;1.0.0
doc400;784561B7F95D;01UPQTGWHSTBZYUE;obloliving-doc400;1.0.0
doc400;784561B7F95B;01ORODDMPLTALIJO;obloliving-doc400;1.0.0
doc400;784561B7DC61;01ALQPXLOYMYBTSH;obloliving-doc400;1.0.0
doc400;784561B7DCD5;01ROMNXTZYTKLNBZ;obloliving-doc400;1.0.0
doc400;784561B7DCD7;01DUIITFCEPNASUU;obloliving-doc400;1.0.0
doc400;784561B7ECBD;01PZMEFOWWBKDAQJ;obloliving-doc400;1.0.0
doc400;784561B7DC69;01NIJXWRPPTKMCKJ;obloliving-doc400;1.0.0
doc400;784561B7DCF7;01LPEFXALJQCTIZK;obloliving-doc400;1.0.0
doc400;784561B7DBF1;01MNTRIHBOBRMKJE;obloliving-doc400;1.0.0
doc400;784561B7D1AD;01IJPIJNCXSNOXTW;obloliving-doc400;1.0.0
doc400;784561B7F921;01KTHUVPCGNSLMYX;obloliving-doc400;1.0.0
doc400;784561B7DBF5;01RYQOQSUTIIDSJG;obloliving-doc400;1.0.0
doc400;784561B7CCDD;01OAHCEJIDAKOIGV;obloliving-doc400;1.0.0
doc400;784561B7CEB3;01MWTQNVMJIUGVPL;obloliving-doc400;1.0.0
doc400;784561B7DCF5;01XKHUIKEOZSRURA;obloliving-doc400;1.0.0
doc400;784561B7EFB9;01YOXSNXUVPTDTJZ;obloliving-doc400;1.0.0
doc400;784561B7D549;01VIJRZFXHQGLPET;obloliving-doc400;1.0.0
doc400;784561B7E517;01SZIKKRFXDAAGHR;obloliving-doc400;1.0.0
doc400;784561B7E515;01OEZIHEHAMLZIXP;obloliving-doc400;1.0.0
doc400;784561B7F739;01XKNMEBJWSOGBDK;obloliving-doc400;1.0.0
doc400;784561B7F737;01NKDXXKZUIYHXJG;obloliving-doc400;1.0.0
doc400;784561B7E215;01PSLZULXWUBKOMU;obloliving-doc400;1.0.0
doc400;784561B7F60F;01MCSUTEWQMTWLKC;obloliving-doc400;1.0.0
doc400;784561B7F733;01UCQPWUEWIHANPV;obloliving-doc400;1.0.0
doc400;784561B7F60D;01LCDOZMMJENQMWX;obloliving-doc400;1.0.0
doc400;784561B7F731;01SAULNIHDIIWCXY;obloliving-doc400;1.0.0
doc400;784561B7D4E5;01LCWYOSYNVQJEYT;obloliving-doc400;1.0.0
doc400;784561B7D4E7;01UIGGZFLAGDCVAS;obloliving-doc400;1.0.0
doc400;784561B7D3FD;01BGCQEESCFKUHEP;obloliving-doc400;1.0.0
doc400;784561B7DCF1;01HALEAUWLVNKISG;obloliving-doc400;1.0.0
doc400;784561B7D4E3;01EPNVVZKAPIYBKO;obloliving-doc400;1.0.0
doc400;784561B7DD5D;01MKLZYDNZFRUHGJ;obloliving-doc400;1.0.0
doc400;784561B7CB1F;01TZLJDVWLKCDBVM;obloliving-doc400;1.0.0
doc400;784561B7E301;01TJXUGPLSGTENVJ;obloliving-doc400;1.0.0
doc400;784561B7D4E9;01UQCVKXWOBMCJYP;obloliving-doc400;1.0.0
doc400;784561B7F089;01AUNQDIQDLKKXUU;obloliving-doc400;1.0.0
doc400;784561B7E589;01YYKHBPMELWZCAU;obloliving-doc400;1.0.0
doc400;784561B7DC77;01TWAPSOGAZLUSEP;obloliving-doc400;1.0.0
doc400;784561B7D0F5;01GKGHEWHRDXGGVY;obloliving-doc400;1.0.0
doc400;784561B7D0F7;01BABWRRLOGERPXO;obloliving-doc400;1.0.0
doc400;784561B7D911;01UTOCWIMMQNOCQK;obloliving-doc400;1.0.0
doc400;784561B7D915;01TSRQORPWTTQIKK;obloliving-doc400;1.0.0
doc400;784561B7D917;01FLUQORPRSBWFHM;obloliving-doc400;1.0.0
doc400;784561B7D0FB;01ARQRDVZVCJQJVQ;obloliving-doc400;1.0.0
doc400;784561B7DC8B;01BSHGYROUAXPDUC;obloliving-doc400;1.0.0
doc400;784561B7D0FD;01PJRQVKDDNTFAIJ;obloliving-doc400;1.0.0
doc400;784561B7E3ED;01LMGXBTOHRGMJUH;obloliving-doc400;1.0.0
doc400;784561B7DD61;01QYLAXKVHOWMNTR;obloliving-doc400;1.0.0
doc400;784561B7F08D;01IMXKCMSTJRNHIT;obloliving-doc400;1.0.0
doc400;784561B7F08F;01BLYZFBSMERONYQ;obloliving-doc400;1.0.0
doc400;784561B7D4EF;01ZBSODOHVFVPUFW;obloliving-doc400;1.0.0
doc400;784561B7D3F1;01TRPQAQSOVSGGDX;obloliving-doc400;1.0.0
doc400;784561B7EC01;01KGWMTQSTFEYSLX;obloliving-doc400;1.0.0
doc400;784561B7F8A5;01AOTLEHRKQOMMDU;obloliving-doc400;1.0.0
doc400;784561B7D98F;01EWRUEWNGMRJTCQ;obloliving-doc400;1.0.0
doc400;784561B7CA93;01MLVGJRPKQONZKJ;obloliving-doc400;1.0.0
doc400;784561B7F8D9;01GLOSPSBQEUUDSR;obloliving-doc400;1.0.0
doc400;784561B7F73F;01OLFXRCZBHYJYLH;obloliving-doc400;1.0.0
doc400;784561B7F73D;01ANTVECZQNKDYHC;obloliving-doc400;1.0.0
doc400;784561B7F601;01AJCIQASTPJIQWE;obloliving-doc400;1.0.0
doc400;784561B7C7ED;01PPGRVCVWWFMYYP;obloliving-doc400;1.0.0
doc400;784561B7DD2B;01BHIFWCBBIRHUFG;obloliving-doc400;1.0.0
doc400;784561B7DE8F;01WTDCSQRQZQSFYU;obloliving-doc400;1.0.0
doc400;784561B7F013;01LEYCFOFRAXVYEI;obloliving-doc400;1.0.0
doc400;784561B7CCD1;01SWTIPDQEKKXPTJ;obloliving-doc400;1.0.0
doc400;784561B7CCD3;01AHRBOWFJAXIVIF;obloliving-doc400;1.0.0
doc400;784561B7DD55;01DOIMQUOOTYOLOG;obloliving-doc400;1.0.0
doc400;784561B7EA3F;01AUKDSGUITABKMO;obloliving-doc400;1.0.0
doc400;784561B7EF69;01UFMJAJMHPGWSEK;obloliving-doc400;1.0.0
doc400;784561B7F6CF;01OYUGESQCWESUFA;obloliving-doc400;1.0.0
doc400;784561B7F6CD;01OANUNECFEDJRTK;obloliving-doc400;1.0.0
doc400;784561B7F6CB;01YMCAEEZCGFXHRA;obloliving-doc400;1.0.0
doc400;784561B7D8DF;01XINGROIOIFVLSV;obloliving-doc400;1.0.0
doc400;784561B7D8DD;01XVNJFTNIJMRODE;obloliving-doc400;1.0.0
doc400;784561B7E5F9;01IJDEJQSCAATVFZ;obloliving-doc400;1.0.0
doc400;784561B7EF9F;01VNJIAUEVTGJMCQ;obloliving-doc400;1.0.0
doc400;784561B7EF5B;01NGRHXRSMWFIGGC;obloliving-doc400;1.0.0
doc400;784561B7DBE3;01VWVHIKUFTRNXMK;obloliving-doc400;1.0.0
doc400;784561B7F2A3;01UGPCFNBTGDYNZE;obloliving-doc400;1.0.0
doc400;784561B7D8F7;01RNAVJOUNRXWGDV;obloliving-doc400;1.0.0
doc400;784561B7F2A5;01OXALJNZRJPHPUS;obloliving-doc400;1.0.0
doc400;784561B7F2FB;01DCEAMGTWGWVFYO;obloliving-doc400;1.0.0
doc400;784561B7D2DD;01NCBYLHJRKDQZTA;obloliving-doc400;1.0.0
doc400;784561B7DC81;01BQFPHYEMYIQETD;obloliving-doc400;1.0.0
doc400;784561B7F9B5;01QWNUYLSDUCEXXC;obloliving-doc400;1.0.0
doc400;784561B7DC7B;01BSBXXNNAWHSGGQ;obloliving-doc400;1.0.0
doc400;784561B7D7DB;01UURJSBMJVVEHSS;obloliving-doc400;1.0.0
doc400;784561B7D7DF;01YBNKUSFDWKQKBL;obloliving-doc400;1.0.0
doc400;784561B7F86F;01JWHUAWGRRNLFYA;obloliving-doc400;1.0.0
doc400;784561B7F86D;01ZMACFUUJINSTOS;obloliving-doc400;1.0.0
doc400;784561B7E70F;01CPKCDBXMFTGYAH;obloliving-doc400;1.0.0
doc400;784561B7E4FF;01YBFNDLGSCIVGMZ;obloliving-doc400;1.0.0
doc400;784561B7F90F;01QBSNZZWWWYVEMH;obloliving-doc400;1.0.0
doc400;784561B7F879;01MUEOXMPZERHWCD;obloliving-doc400;1.0.0
doc400;784561B7F673;01BGARUSGAEGUXPG;obloliving-doc400;1.0.0
doc400;784561B7E339;01XWOYBOWOLMPTPQ;obloliving-doc400;1.0.0
doc400;784561B7F865;01YCDIPZYHOAEVVZ;obloliving-doc400;1.0.0
doc400;784561B7F863;01XKTIZIHFTMLRLF;obloliving-doc400;1.0.0
doc400;784561B7F861;01XEOOFXVSJZAOOP;obloliving-doc400;1.0.0
doc400;784561B7F905;01LZDVHVLIVBFWPC;obloliving-doc400;1.0.0
doc400;784561B7ECC7;01XMGHQLXHPFWZQT;obloliving-doc400;1.0.0
doc400;784561B7F907;01PMINFSGSDQKTUC;obloliving-doc400;1.0.0
doc400;784561B7E335;01SQSFOEBJKHPVFL;obloliving-doc400;1.0.0
doc400;784561B7F869;01HTUHEHNOMTBPKY;obloliving-doc400;1.0.0
doc400;784561B7F9BD;01YASQTTVBMVVDFZ;obloliving-doc400;1.0.0
doc400;784561A72D8D;01QYXHRIGPFVHIJJ;obloliving-doc400;1.0.0
doc400;784561B7CCD5;01QRTFHTWFBBCRDL;obloliving-doc400;1.0.0
doc400;784561B7D7D1;01HANLLGQMWTZOXU;obloliving-doc400;1.0.0
doc400;784561B7D7D5;01GLPVZBYFSNYQPA;obloliving-doc400;1.0.0
doc400;784561B7D7D7;01WZYUUSWYJHBRRS;obloliving-doc400;1.0.0
doc400;784561B7DD57;01PTBBNKXIFBMOXK;obloliving-doc400;1.0.0
doc400;784561B7D8D7;01BZOEOQUOWAELSR;obloliving-doc400;1.0.0
doc400;784561B7D5AF;01PDJDRXJOXTLUTQ;obloliving-doc400;1.0.0
doc400;784561B7C813;01MNSVTNKMDSWGDF;obloliving-doc400;1.0.0
doc400;784561B7F42B;01EBADGYLELRKGEF;obloliving-doc400;1.0.0
doc400;784561B7F2F9;01UHXYQUGDJYHQAF;obloliving-doc400;1.0.0
doc400;784561B7D8D1;01NXRBNWUEALQEEP;obloliving-doc400;1.0.0
doc400;784561B7C819;01RLBSFULYXUNUVP;obloliving-doc400;1.0.0
doc400;784561B7F2AB;01NQJFAGTUCQHWEE;obloliving-doc400;1.0.0
doc400;784561B7D007;01SCUDWRXFYGUXZX;obloliving-doc400;1.0.0
doc400;784561B7F2AF;01TMEVHJMHWQQIMD;obloliving-doc400;1.0.0
doc400;784561B7E637;01ZTKSSDMLUCUYQC;obloliving-doc400;1.0.0
doc400;784561B7D2CD;01SDZBYFCFFZZEQM;obloliving-doc400;1.0.0
doc400;784561B7F773;01EADNLCRVNDOSNS;obloliving-doc400;1.0.0
doc400;784561B7F6C7;01JMHTBFQRBPLTYK;obloliving-doc400;1.0.0
doc400;784561B7F6C5;01WNRKNJEHLLYCOX;obloliving-doc400;1.0.0
doc400;784561B7D2AD;01GPOMXIZBUTOLWQ;obloliving-doc400;1.0.0
doc400;784561B7F6C3;01FDXRUHLXVSPPEA;obloliving-doc400;1.0.0
doc400;784561B7F6C1;01UHEHHGIMTIFZFA;obloliving-doc400;1.0.0
doc400;784561B7DBBF;01JJZULUTJJNKTEA;obloliving-doc400;1.0.0
doc400;784561B7DBBD;01BPFXSUXPZKLBLQ;obloliving-doc400;1.0.0
doc400;784561B7DBBB;01UZGIEZINTAXCMA;obloliving-doc400;1.0.0
doc400;784561B7D86B;01YYSZDIVZVYLYEY;obloliving-doc400;1.0.0
doc400;784561B7E5CB;01PTYFKBYNIRZUEP;obloliving-doc400;1.0.0
doc400;784561B7D86D;01CPATEMAROVIODP;obloliving-doc400;1.0.0
doc400;784561B7E413;01HYXASZNQTCTLCE;obloliving-doc400;1.0.0
doc400;784561B7EE3D;01IQGNWHCVCHEFUG;obloliving-doc400;1.0.0
doc400;784561B7F76D;01ASSHQEAOVHBDIM;obloliving-doc400;1.0.0
doc400;784561B7F76F;01ZGIGAZXVPAHLRP;obloliving-doc400;1.0.0
doc400;784561B7EB01;01WAWVBAGHCAUIOV;obloliving-doc400;1.0.0
doc400;784561B7E389;01JOOMYKAFLVSDJV;obloliving-doc400;1.0.0
doc400;784561B7D345;01ERETZODJVXHUKL;obloliving-doc400;1.0.0
doc400;784561B7D4FF;01PDKLZBJAUZWMLF;obloliving-doc400;1.0.0
doc400;784561B7E385;01ZLISBSEBXWCIAC;obloliving-doc400;1.0.0
doc400;784561B7D4FB;01BGIIXBBMGWDPVR;obloliving-doc400;1.0.0
doc400;784561B7E381;01RRMPLVAVZECCEE;obloliving-doc400;1.0.0
doc400;784561B7DD91;01RMYCAPHNVGNIDM;obloliving-doc400;1.0.0
doc400;784561B7DD93;01IMGBVTELPLNYGX;obloliving-doc400;1.0.0
doc400;784561B7D9C5;01SBIKPATGKHPSXM;obloliving-doc400;1.0.0
doc400;784561B7DD95;01YKNTSHAVXZVFUI;obloliving-doc400;1.0.0
doc400;784561B7CF17;01YCFPMRFJPQSKNZ;obloliving-doc400;1.0.0
doc400;784561B7DD97;01MEINLFIQEPVONV;obloliving-doc400;1.0.0
doc400;784561B7DD99;01AUZUUFJPGSUYPH;obloliving-doc400;1.0.0
doc400;784561B7D7C5;01PDDXCEFVQDBQNG;obloliving-doc400;1.0.0
doc400;784561B7DE53;01AXEHGRLKESPYJG;obloliving-doc400;1.0.0
doc400;784561B7DBA9;01WWOLYYSHNBKIKM;obloliving-doc400;1.0.0
doc400;784561B7D7C3;01INHJTOVRKINPQG;obloliving-doc400;1.0.0
doc400;784561B7E2F9;01SHRJDHWFEVJLVS;obloliving-doc400;1.0.0
doc400;784561B7DB53;01RKVEWECROMTJFY;obloliving-doc400;1.0.0
doc400;784561B7E7B1;01GAVWBWPBONNAEC;obloliving-doc400;1.0.0
doc400;784561B7DC99;01YIWWXTXQMVJWPH;obloliving-doc400;1.0.0
doc400;784561B7DD7F;01FTWLCLAZPUMVNJ;obloliving-doc400;1.0.0
doc400;784561B7F7D5;01COJDPBLWBHTDEP;obloliving-doc400;1.0.0
doc400;784561B7DC95;01DPAYITCLUCWUJV;obloliving-doc400;1.0.0
doc400;784561B7CC9F;01OJFNFDVMZMLHNI;obloliving-doc400;1.0.0
doc400;784561B7CDED;01MWFJPJWMZDJEDN;obloliving-doc400;1.0.0
doc400;784561B7DD79;01GSIHVCOJHJKKKW;obloliving-doc400;1.0.0
doc400;784561B7DC9F;01SYWIURSKQLQZJL;obloliving-doc400;1.0.0
doc400;784561B7E5D5;01BDBBZRHWGFPLUT;obloliving-doc400;1.0.0
doc400;784561B7F7DD;01SNNYIOTYBEFZZR;obloliving-doc400;1.0.0
doc400;784561B7DC9B;01DYEKKAZIOXYXHZ;obloliving-doc400;1.0.0
doc400;784561B7E2FD;01MRTLVHITPIYEVO;obloliving-doc400;1.0.0
doc400;784561B7E5D3;01RKTGXGVXHTXFCU;obloliving-doc400;1.0.0
doc400;784561B7E243;01BCUDLLANDEEATP;obloliving-doc400;1.0.0
doc400;784561B7F9F3;01BBRZFJSFUXKWVO;obloliving-doc400;1.0.0
doc400;784561B7E3F7;01HAMLJDLVZAMJHX;obloliving-doc400;1.0.0
doc400;784561B7DC87;01FZSAHHUIQPYLAO;obloliving-doc400;1.0.0
doc400;784561B7E245;01RPGQRZKOLSBLUS;obloliving-doc400;1.0.0
doc400;784561B7DD0B;01TYCODMYACORVNA;obloliving-doc400;1.0.0
doc400;784561B7DD53;01ZODPSERYVAJYDV;obloliving-doc400;1.0.0
doc400;784561B7F707;01GGYSRLNDFOSPDD;obloliving-doc400;1.0.0
doc400;784561B7F8E1;01KAWUPXYPJQUZZZ;obloliving-doc400;1.0.0
doc400;784561B7DD13;01XYOUPTCFZOPWRI;obloliving-doc400;1.0.0
doc400;784561B7C92B;01LQBKUWBKIDCTBI;obloliving-doc400;1.0.0
doc400;784561B7E79D;01CKPGXAIFXVQRZA;obloliving-doc400;1.0.0
doc400;784561B7F767;01JJYXYSIDOQITEC;obloliving-doc400;1.0.0
doc400;784561B7F761;01HBWVUUKLXWUBBC;obloliving-doc400;1.0.0
doc400;784561B7F705;01QEFWLQXZMNKEZY;obloliving-doc400;1.0.0
doc400;784561B7DD6B;01RUDSOWVIULOSXI;obloliving-doc400;1.0.0
doc400;784561B7E38F;01WTRGIIIBHUZRHW;obloliving-doc400;1.0.0
doc400;784561B7D4F5;01HVJZDPYKRLIXUN;obloliving-doc400;1.0.0
doc400;784561B7E38D;01NXWGQXGRZIWPZV;obloliving-doc400;1.0.0
doc400;784561B7D4F7;01IQCMHLNAKBRLWU;obloliving-doc400;1.0.0
doc400;784561B7E38B;01YRCJTSODZMIVMB;obloliving-doc400;1.0.0
doc400;784561B7F881;01TSKLFQUEFPVRDX;obloliving-doc400;1.0.0
doc400;784561B7E847;01CAYAQFGHBFHOZV;obloliving-doc400;1.0.0
doc400;784561B7F883;01ILBGVMQQTKYTRK;obloliving-doc400;1.0.0
doc400;784561B7CF85;01SFRRJXLZLOGXLP;obloliving-doc400;1.0.0
doc400;784561B7D869;01ZXIOOKKEKAHRNA;obloliving-doc400;1.0.0
doc400;784561B7DBB5;01EPYBERFZHNDMKM;obloliving-doc400;1.0.0
doc400;784561B7DBB3;01PABMGTTUPOKMXV;obloliving-doc400;1.0.0
doc400;784561B7DBB1;01FGNBEXLGUEAMYO;obloliving-doc400;1.0.0
doc400;784561B7ECBF;01ETYKCMKAFNAEFG;obloliving-doc400;1.0.0
doc400;784561B7E41B;01YQYLZQYTATSMFH;obloliving-doc400;1.0.0
doc400;784561B7F709;01BTVARBNWWXQVKF;obloliving-doc400;1.0.0
doc400;784561B7E5C7;01CCAGKQKNQFPGQF;obloliving-doc400;1.0.0
doc400;784561B7DBB9;01RTILYFLHKIAOWH;obloliving-doc400;1.0.0
doc400;784561B7CFD3;01EYTNVQQUJMURWH;obloliving-doc400;1.0.0
doc400;784561B7C81F;01NZDHMLNWFYMXXN;obloliving-doc400;1.0.0
doc400;784561A73075;01TWORBDYCLDEJNP;obloliving-doc400;1.0.0
doc400;784561B7D5A3;01VZFGOLLQDQWQUL;obloliving-doc400;1.0.0
doc400;784561B7E3FD;01QWPDNHDVOOIWBZ;obloliving-doc400;1.0.0
doc400;784561B7E3A3;01RMTYONRBMCPJAW;obloliving-doc400;1.0.0
doc400;784561B7F2BD;01HIYMGTPAUGXKDR;obloliving-doc400;1.0.0
doc400;784561B7CD81;01VPESWGNYYCDHEE;obloliving-doc400;1.0.0
doc400;784561B7E9ED;01KWMINPKBKCZVIW;obloliving-doc400;1.0.0
doc400;784561B7E3A9;01DJVHPBENLRLXJN;obloliving-doc400;1.0.0
doc400;784561B7DCE9;01VJCZUWGLYWHMAG;obloliving-doc400;1.0.0
doc400;784561B7CC25;01VDTMJJBHDXRHXY;obloliving-doc400;1.0.0
doc400;784561B7CB45;01PIUQIIGEECWJIS;obloliving-doc400;1.0.0
doc400;784561B7CB47;01NCLCXJTDFDJMFV;obloliving-doc400;1.0.0
doc400;784561B7CB43;01PXDKSUMOCLRCTP;obloliving-doc400;1.0.0
doc400;784561B7F541;01CNYXOCVLHEQTWR;obloliving-doc400;1.0.0
doc400;784561B7D8E1;01HFLMMCPHFAQHWB;obloliving-doc400;1.0.0
doc400;784561B7E3E3;01GSROYFAXXNHKUC;obloliving-doc400;1.0.0
doc400;784561B7D1D9;01NQAKLXQZKVSUVW;obloliving-doc400;1.0.0
doc400;784561B7F94F;01JCVDWUMLFPRGUZ;obloliving-doc400;1.0.0
doc400;784561B7EDE3;01MNQTBJCMHPPEWQ;obloliving-doc400;1.0.0
doc400;784561B7E837;01WHSTLKVRATXAUX;obloliving-doc400;1.0.0
doc400;784561B7E939;01XPFTERZBRDUGXX;obloliving-doc400;1.0.0
doc400;784561B7DF77;01JBTZKYYRRXJIPQ;obloliving-doc400;1.0.0
doc400;784561B7E4B3;01IPHKDSXPEJVGOK;obloliving-doc400;1.0.0
doc400;784561B7D27F;01DLXSFPZFUWFKQO;obloliving-doc400;1.0.0
doc400;784561B7F943;01OWJKZZGMNYQLZW;obloliving-doc400;1.0.0
doc400;784561B7F947;01ZDBHFFXVNNJNER;obloliving-doc400;1.0.0
doc400;784561B7EE01;01KRQEZATTVHISTW;obloliving-doc400;1.0.0
doc400;784561B7F949;01WXBVFTVGQUIEWL;obloliving-doc400;1.0.0
doc400;784561B7C997;01KBGYZYBHIPJNXU;obloliving-doc400;1.0.0
doc400;784561B7EDEF;01HXPILGVWOBJJTQ;obloliving-doc400;1.0.0
doc400;784561B7D1DB;01NEELUKYMZVEGVF;obloliving-doc400;1.0.0
doc400;784561B7CB4D;01ARNPOWDBPRVNRK;obloliving-doc400;1.0.0
doc400;784561B7CFC3;01NJDSMQBHKKUVOK;obloliving-doc400;1.0.0
doc400;784561B7DD1F;01NJJSTCOLIBUGAR;obloliving-doc400;1.0.0
doc400;784561B7E9E3;01YKXZYBEDOXBLHJ;obloliving-doc400;1.0.0
doc400;784561B7F2B3;01SQOCCNHDPXXKWW;obloliving-doc400;1.0.0
doc400;784561B7E3AF;01NRWVWHZLHVUEMZ;obloliving-doc400;1.0.0
doc400;784561B7F2B9;01VXHKCFDCEXGWCQ;obloliving-doc400;1.0.0
doc400;784561B7EE07;01CSMNRSTPZVEAAN;obloliving-doc400;1.0.0
doc400;784561B7E223;01WZBTULKTFCIFOT;obloliving-doc400;1.0.0
doc400;784561A72C21;01FYIRYCNPUKUMXS;obloliving-doc400;1.0.0
doc400;784561B7D8ED;01AKVTXVVVCUGPMY;obloliving-doc400;1.0.0